origin_idx,model_origin_time,test_start_time,test_end_time,evaluation_scope,prediction_population,policy,selected_b1_train_days,selected_b1_half_life_days,selected_b2_train_days,selected_b2_half_life_days,selected_b1_input_hours,selected_cascade_alpha,selected_lambda,lambda_mode,pareto_variant,pareto_w_clean,pareto_w_rep,pareto_alpha,pareto_lambda_mean,pareto_lambda_min,pareto_lambda_max,pareto_history_cutoff,fusion_method,pr_auc_fused,pr_auc_b1,pr_auc_b2,pr_auc_fused_normalized,roc_auc_fused,roc_auc_b1,roc_auc_b2,recall_at_100,lift_at_100,recall_at_100_b1,lift_at_100_b1,recall_at_100_b2,lift_at_100_b2,positives,test_prevalence,gpu_count_evaluated,decision_time_count,top_k,calibration
0,2023-08-05T06:45:00+00:00,2023-08-05T06:45:00+00:00,2023-08-06T06:40:00+00:00,common_terminal_heldout,all_gpus_before_top100,momentum_skip_retrain,7,3,7,0,"1,6,24",1.0,1.0,gpu_dynamic_pareto,wc0.30_wr0.02_a1.0,0.3,0.02,1.0,0.2757264544288264,0.05111111111111111,0.3,decision_time_minus_10min,report_pareto_formula_full_gpu_before_top100,0.006247550721972165,0.006942519171658781,0.012051555943055075,0.0037991403930771384,0.8006895079465177,0.8127009995969132,0.6948097294902615,0.1148936170212766,2.2886808510638295,0.2297872340425532,4.577361702127659,0.39574468085106385,7.883234042553191,235,0.0024577476572958503,1992,48,100,platt
0,2023-08-05T06:45:00+00:00,2023-08-05T06:45:00+00:00,2023-08-06T06:40:00+00:00,common_terminal_heldout,all_gpus_before_top100,momentum_skip_retrain,7,3,7,0,"1,6,24",1.0,1.5,gpu_dynamic_pareto,wc0.30_wr0.02_a1.5,0.3,0.02,1.5,0.2700868200615594,0.030370370370370367,0.3,decision_time_minus_10min,report_pareto_formula_full_gpu_before_top100,0.006019668147820017,0.006942519171658781,0.012051555943055075,0.0035706963611406755,0.7939328654375386,0.8127009995969132,0.6948097294902615,0.08936170212765958,1.7800851063829788,0.2297872340425532,4.577361702127659,0.39574468085106385,7.883234042553191,235,0.0024577476572958503,1992,48,100,platt
0,2023-08-05T06:45:00+00:00,2023-08-05T06:45:00+00:00,2023-08-06T06:40:00+00:00,common_terminal_heldout,all_gpus_before_top100,momentum_skip_retrain,7,3,7,0,"1,6,24",1.0,1.0,gpu_dynamic_pareto,wc0.30_wr0.05_a1.0,0.3,0.05,1.0,0.27832719145430923,0.07777777777777778,0.3,decision_time_minus_10min,report_pareto_formula_full_gpu_before_top100,0.006385939613184163,0.006942519171658781,0.012051555943055075,0.00393787024726326,0.8042716032253179,0.8127009995969132,0.6948097294902615,0.14042553191489363,2.797276595744681,0.2297872340425532,4.577361702127659,0.39574468085106385,7.883234042553191,235,0.0024577476572958503,1992,48,100,platt
0,2023-08-05T06:45:00+00:00,2023-08-05T06:45:00+00:00,2023-08-06T06:40:00+00:00,common_terminal_heldout,all_gpus_before_top100,momentum_skip_retrain,7,3,7,0,"1,6,24",1.0,1.5,gpu_dynamic_pareto,wc0.30_wr0.05_a1.5,0.3,0.05,1.5,0.2732918036263923,0.05925925925925926,0.3,decision_time_minus_10min,report_pareto_formula_full_gpu_before_top100,0.006215277124929943,0.006942519171658781,0.012051555943055075,0.0037667872802476534,0.7990960329982308,0.8127009995969132,0.6948097294902615,0.10212765957446808,2.034382978723404,0.2297872340425532,4.577361702127659,0.39574468085106385,7.883234042553191,235,0.0024577476572958503,1992,48,100,platt
0,2023-08-05T06:45:00+00:00,2023-08-05T06:45:00+00:00,2023-08-06T06:40:00+00:00,common_terminal_heldout,all_gpus_before_top100,momentum_skip_retrain,7,3,7,0,"1,6,24",1.0,1.0,gpu_dynamic_pareto,wc0.50_wr0.02_a1.0,0.5,0.02,1.0,0.4583882075922738,0.07333333333333333,0.5,decision_time_minus_10min,report_pareto_formula_full_gpu_before_top100,0.006093491472565476,0.006942519171658781,0.012051555943055075,0.0036447015720197998,0.7979734132338682,0.8127009995969132,0.6948097294902615,0.10212765957446808,2.034382978723404,0.2297872340425532,4.577361702127659,0.39574468085106385,7.883234042553191,235,0.0024577476572958503,1992,48,100,platt
0,2023-08-05T06:45:00+00:00,2023-08-05T06:45:00+00:00,2023-08-06T06:40:00+00:00,common_terminal_heldout,all_gpus_before_top100,momentum_skip_retrain,7,3,7,0,"1,6,24",1.0,1.5,gpu_dynamic_pareto,wc0.50_wr0.02_a1.5,0.5,0.02,1.5,0.44872026296267337,0.03777777777777778,0.5,decision_time_minus_10min,report_pareto_formula_full_gpu_before_top100,0.005858967232199718,0.006942519171658781,0.012051555943055075,0.0034095995101121636,0.7904838980598973,0.8127009995969132,0.6948097294902615,0.0851063829787234,1.69531914893617,0.2297872340425532,4.577361702127659,0.39574468085106385,7.883234042553191,235,0.0024577476572958503,1992,48,100,platt
0,2023-08-05T06:45:00+00:00,2023-08-05T06:45:00+00:00,2023-08-06T06:40:00+00:00,common_terminal_heldout,all_gpus_before_top100,momentum_skip_retrain,7,3,7,0,"1,6,24",1.0,1.0,gpu_dynamic_pareto,wc0.50_wr0.05_a1.0,0.5,0.05,1.0,0.4609889446177567,0.1,0.5,decision_time_minus_10min,report_pareto_formula_full_gpu_before_top100,0.006176427732973758,0.006942519171658781,0.012051555943055075,0.0037278421710405514,0.800245688790778,0.8127009995969132,0.6948097294902615,0.10638297872340426,2.1191489361702125,0.2297872340425532,4.577361702127659,0.39574468085106385,7.883234042553191,235,0.0024577476572958503,1992,48,100,platt
0,2023-08-05T06:45:00+00:00,2023-08-05T06:45:00+00:00,2023-08-06T06:40:00+00:00,common_terminal_heldout,all_gpus_before_top100,momentum_skip_retrain,7,3,7,0,"1,6,24",1.0,1.5,gpu_dynamic_pareto,wc0.50_wr0.05_a1.5,0.5,0.05,1.5,0.4519252465275062,0.06666666666666667,0.5,decision_time_minus_10min,report_pareto_formula_full_gpu_before_top100,0.005978514774391223,0.006942519171658781,0.012051555943055075,0.0035294415939043536,0.7938241859579063,0.8127009995969132,0.6948097294902615,0.08936170212765958,1.7800851063829788,0.2297872340425532,4.577361702127659,0.39574468085106385,7.883234042553191,235,0.0024577476572958503,1992,48,100,platt
1,2023-08-06T06:45:00+00:00,2023-08-06T06:45:00+00:00,2023-08-07T06:40:00+00:00,common_terminal_heldout,all_gpus_before_top100,momentum_skip_retrain,7,3,7,0,"1,6,24",1.0,1.0,gpu_dynamic_pareto,wc0.30_wr0.02_a1.0,0.3,0.02,1.0,0.2761996481295552,0.05111111111111111,0.3,decision_time_minus_10min,report_pareto_formula_full_gpu_before_top100,0.04075951198967665,0.029179904571825135,0.26771667351262846,0.019879048701150072,0.7670502284007629,0.6303172981627472,0.8161931814619886,0.026018654884634267,0.5182916053019145,0.060382916053019146,1.2028276877761412,0.4162984781541483,8.292665684830633,2037,0.021303965863453816,1992,48,100,platt
1,2023-08-06T06:45:00+00:00,2023-08-06T06:45:00+00:00,2023-08-07T06:40:00+00:00,common_terminal_heldout,all_gpus_before_top100,momentum_skip_retrain,7,3,7,0,"1,6,24",1.0,1.5,gpu_dynamic_pareto,wc0.30_wr0.02_a1.5,0.3,0.02,1.5,0.27062739345121495,0.030370370370370367,0.3,decision_time_minus_10min,report_pareto_formula_full_gpu_before_top100,0.04189144109721019,0.029179904571825135,0.26771667351262846,0.021035617306776624,0.7728890728565848,0.6303172981627472,0.8161931814619886,0.01914580265095729,0.3813843888070692,0.060382916053019146,1.2028276877761412,0.4162984781541483,8.292665684830633,2037,0.021303965863453816,1992,48,100,platt
1,2023-08-06T06:45:00+00:00,2023-08-06T06:45:00+00:00,2023-08-07T06:40:00+00:00,common_terminal_heldout,all_gpus_before_top100,momentum_skip_retrain,7,3,7,0,"1,6,24",1.0,1.0,gpu_dynamic_pareto,wc0.30_wr0.05_a1.0,0.3,0.05,1.0,0.27874968582996,0.07777777777777778,0.3,decision_time_minus_10min,report_pareto_formula_full_gpu_before_top100,0.040020437385420875,0.029179904571825135,0.26771667351262846,0.019123886139458663,0.7630640605597648,0.6303172981627472,0.8161931814619886,0.029455081001472753,0.5867452135493373,0.060382916053019146,1.2028276877761412,0.4162984781541483,8.292665684830633,2037,0.021303965863453816,1992,48,100,platt
1,2023-08-06T06:45:00+00:00,2023-08-06T06:45:00+00:00,2023-08-07T06:40:00+00:00,common_terminal_heldout,all_gpus_before_top100,momentum_skip_retrain,7,3,7,0,"1,6,24",1.0,1.5,gpu_dynamic_pareto,wc0.30_wr0.05_a1.5,0.3,0.05,1.5,0.2737744584385847,0.05925925925925926,0.3,decision_time_minus_10min,report_pareto_formula_full_gpu_before_top100,0.04112539320209701,0.029179904571825135,0.26771667351262846,0.020252894307608627,0.7694185003461042,0.6303172981627472,0.8161931814619886,0.023564064801178203,0.4693961708394698,0.060382916053019146,1.2028276877761412,0.4162984781541483,8.292665684830633,2037,0.021303965863453816,1992,48,100,platt
1,2023-08-06T06:45:00+00:00,2023-08-06T06:45:00+00:00,2023-08-07T06:40:00+00:00,common_terminal_heldout,all_gpus_before_top100,momentum_skip_retrain,7,3,7,0,"1,6,24",1.0,1.0,gpu_dynamic_pareto,wc0.50_wr0.02_a1.0,0.5,0.02,1.0,0.45919939679352323,0.07333333333333333,0.5,decision_time_minus_10min,report_pareto_formula_full_gpu_before_top100,0.03907514784309517,0.029179904571825135,0.26771667351262846,0.018158019813904695,0.7575300994899166,0.6303172981627472,0.8161931814619886,0.023073146784486992,0.45961708394698086,0.060382916053019146,1.2028276877761412,0.4162984781541483,8.292665684830633,2037,0.021303965863453816,1992,48,100,platt
1,2023-08-06T06:45:00+00:00,2023-08-06T06:45:00+00:00,2023-08-07T06:40:00+00:00,common_terminal_heldout,all_gpus_before_top100,momentum_skip_retrain,7,3,7,0,"1,6,24",1.0,1.5,gpu_dynamic_pareto,wc0.50_wr0.02_a1.5,0.5,0.02,1.5,0.4496469602020827,0.03777777777777778,0.5,decision_time_minus_10min,report_pareto_formula_full_gpu_before_top100,0.04032844729878897,0.029179904571825135,0.26771667351262846,0.019438600721540154,0.76438117546303,0.6303172981627472,0.8161931814619886,0.018163966617574866,0.3618262150220913,0.060382916053019146,1.2028276877761412,0.4162984781541483,8.292665684830633,2037,0.021303965863453816,1992,48,100,platt
1,2023-08-06T06:45:00+00:00,2023-08-06T06:45:00+00:00,2023-08-07T06:40:00+00:00,common_terminal_heldout,all_gpus_before_top100,momentum_skip_retrain,7,3,7,0,"1,6,24",1.0,1.0,gpu_dynamic_pareto,wc0.50_wr0.05_a1.0,0.5,0.05,1.0,0.46174943449392813,0.1,0.5,decision_time_minus_10min,report_pareto_formula_full_gpu_before_top100,0.03855200995303165,0.029179904571825135,0.26771667351262846,0.017623494412946007,0.7545313074874459,0.6303172981627472,0.8161931814619886,0.026509572901325478,0.5280706921944035,0.060382916053019146,1.2028276877761412,0.4162984781541483,8.292665684830633,2037,0.021303965863453816,1992,48,100,platt
1,2023-08-06T06:45:00+00:00,2023-08-06T06:45:00+00:00,2023-08-07T06:40:00+00:00,common_terminal_heldout,all_gpus_before_top100,momentum_skip_retrain,7,3,7,0,"1,6,24",1.0,1.5,gpu_dynamic_pareto,wc0.50_wr0.05_a1.5,0.5,0.05,1.5,0.45279402518945255,0.06666666666666667,0.5,decision_time_minus_10min,report_pareto_formula_full_gpu_before_top100,0.03984666224054567,0.029179904571825135,0.26771667351262846,0.01894632830861641,0.7620694032349303,0.6303172981627472,0.8161931814619886,0.020127638684339717,0.4009425625920471,0.060382916053019146,1.2028276877761412,0.4162984781541483,8.292665684830633,2037,0.021303965863453816,1992,48,100,platt
2,2023-08-07T06:45:00+00:00,2023-08-07T06:45:00+00:00,2023-08-08T06:40:00+00:00,common_terminal_heldout,all_gpus_before_top100,momentum_skip_retrain,7,3,7,0,"1,6,24",1.0,1.0,gpu_dynamic_pareto,wc0.30_wr0.02_a1.0,0.3,0.02,1.0,0.2756489499665328,0.048,0.3,decision_time_minus_10min,report_pareto_formula_full_gpu_before_top100,0.09252792559114895,0.08667685269575917,0.2242145920557747,0.054331692714468006,0.7960451339461301,0.76015393794907,0.7030838866228746,0.10383221128948732,2.068337648886587,0.12868979803210773,2.5635007767995854,0.2092180217503884,4.167622993267737,3862,0.040390729585006696,1992,48,100,platt
2,2023-08-07T06:45:00+00:00,2023-08-07T06:45:00+00:00,2023-08-08T06:40:00+00:00,common_terminal_heldout,all_gpus_before_top100,momentum_skip_retrain,7,3,7,0,"1,6,24",1.0,1.5,gpu_dynamic_pareto,wc0.30_wr0.02_a1.5,0.3,0.02,1.5,0.2700764355662185,0.028854377448471462,0.3,decision_time_minus_10min,report_pareto_formula_full_gpu_before_top100,0.09167824813826718,0.08667685269575917,0.2242145920557747,0.05344625165102943,0.7944182436482972,0.76015393794907,0.7030838866228746,0.1020196789228379,2.032232004142931,0.12868979803210773,2.5635007767995854,0.2092180217503884,4.167622993267737,3862,0.040390729585006696,1992,48,100,platt
2,2023-08-07T06:45:00+00:00,2023-08-07T06:45:00+00:00,2023-08-08T06:40:00+00:00,common_terminal_heldout,all_gpus_before_top100,momentum_skip_retrain,7,3,7,0,"1,6,24",1.0,1.0,gpu_dynamic_pareto,wc0.30_wr0.05_a1.0,0.3,0.05,1.0,0.2782579910415471,0.07500000000000001,0.3,decision_time_minus_10min,report_pareto_formula_full_gpu_before_top100,0.09283526255751771,0.08667685269575917,0.2242145920557747,0.054651965742088776,0.7964619742292247,0.76015393794907,0.7030838866228746,0.10616261004660797,2.1147591921284308,0.12868979803210773,2.5635007767995854,0.2092180217503884,4.167622993267737,3862,0.040390729585006696,1992,48,100,platt
2,2023-08-07T06:45:00+00:00,2023-08-07T06:45:00+00:00,2023-08-08T06:40:00+00:00,common_terminal_heldout,all_gpus_before_top100,momentum_skip_retrain,7,3,7,0,"1,6,24",1.0,1.5,gpu_dynamic_pareto,wc0.30_wr0.05_a1.5,0.3,0.05,1.5,0.2732825317555523,0.057905694150420954,0.3,decision_time_minus_10min,report_pareto_formula_full_gpu_before_top100,0.09218704142991216,0.08667685269575917,0.2242145920557747,0.053976460463440075,0.7954943033398911,0.76015393794907,0.7030838866228746,0.10383221128948732,2.068337648886587,0.12868979803210773,2.5635007767995854,0.2092180217503884,4.167622993267737,3862,0.040390729585006696,1992,48,100,platt
2,2023-08-07T06:45:00+00:00,2023-08-07T06:45:00+00:00,2023-08-08T06:40:00+00:00,common_terminal_heldout,all_gpus_before_top100,momentum_skip_retrain,7,3,7,0,"1,6,24",1.0,1.0,gpu_dynamic_pareto,wc0.50_wr0.02_a1.0,0.5,0.02,1.0,0.4582553427997705,0.068,0.5,decision_time_minus_10min,report_pareto_formula_full_gpu_before_top100,0.09003116944065966,0.08667685269575917,0.2242145920557747,0.05172984608015033,0.7913096540411624,0.76015393794907,0.7030838866228746,0.10331434489901606,2.0580217503884,0.12868979803210773,2.5635007767995854,0.2092180217503884,4.167622993267737,3862,0.040390729585006696,1992,48,100,platt
2,2023-08-07T06:45:00+00:00,2023-08-07T06:45:00+00:00,2023-08-08T06:40:00+00:00,common_terminal_heldout,all_gpus_before_top100,momentum_skip_retrain,7,3,7,0,"1,6,24",1.0,1.5,gpu_dynamic_pareto,wc0.50_wr0.02_a1.5,0.5,0.02,1.5,0.4487024609706604,0.03517893276880822,0.5,decision_time_minus_10min,report_pareto_formula_full_gpu_before_top100,0.08924686772898018,0.08667685269575917,0.2242145920557747,0.05091253247568681,0.7897349601421684,0.76015393794907,0.7030838866228746,0.10176074572760228,2.0270740548938373,0.12868979803210773,2.5635007767995854,0.2092180217503884,4.167622993267737,3862,0.040390729585006696,1992,48,100,platt
2,2023-08-07T06:45:00+00:00,2023-08-07T06:45:00+00:00,2023-08-08T06:40:00+00:00,common_terminal_heldout,all_gpus_before_top100,momentum_skip_retrain,7,3,7,0,"1,6,24",1.0,1.0,gpu_dynamic_pareto,wc0.50_wr0.05_a1.0,0.5,0.05,1.0,0.46086438387478484,0.095,0.5,decision_time_minus_10min,report_pareto_formula_full_gpu_before_top100,0.09018121792368475,0.08667685269575917,0.2242145920557747,0.051886210225069646,0.7914945849566208,0.76015393794907,0.7030838866228746,0.1046090108751942,2.0838114966338686,0.12868979803210773,2.5635007767995854,0.2092180217503884,4.167622993267737,3862,0.040390729585006696,1992,48,100,platt
2,2023-08-07T06:45:00+00:00,2023-08-07T06:45:00+00:00,2023-08-08T06:40:00+00:00,common_terminal_heldout,all_gpus_before_top100,momentum_skip_retrain,7,3,7,0,"1,6,24",1.0,1.5,gpu_dynamic_pareto,wc0.50_wr0.05_a1.5,0.5,0.05,1.5,0.45190855715999406,0.06423024947075771,0.5,decision_time_minus_10min,report_pareto_formula_full_gpu_before_top100,0.08952764956151993,0.08667685269575917,0.2242145920557747,0.05120513264243836,0.790401886534082,0.76015393794907,0.7030838866228746,0.1020196789228379,2.032232004142931,0.12868979803210773,2.5635007767995854,0.2092180217503884,4.167622993267737,3862,0.040390729585006696,1992,48,100,platt
3,2023-08-08T06:45:00+00:00,2023-08-08T06:45:00+00:00,2023-08-09T06:40:00+00:00,common_terminal_heldout,all_gpus_before_top100,momentum_skip_retrain,7,3,7,0,"1,6,24",1.0,1.0,gpu_dynamic_pareto,wc0.30_wr0.02_a1.0,0.3,0.02,1.0,0.273003686779948,0.045454545454545456,0.3,decision_time_minus_10min,report_pareto_formula_full_gpu_before_top100,0.046374634648963485,0.05608632867507911,0.1669211253581758,0.030042306518682768,0.8083263550113029,0.7402736947013953,0.8546834859093836,0.07391304347826087,1.4723478260869565,0.231055900621118,4.60263354037267,0.4366459627329193,8.69798757763975,1610,0.01683818607764391,1992,48,100,platt
3,2023-08-08T06:45:00+00:00,2023-08-08T06:45:00+00:00,2023-08-09T06:40:00+00:00,common_terminal_heldout,all_gpus_before_top100,momentum_skip_retrain,7,3,7,0,"1,6,24",1.0,1.5,gpu_dynamic_pareto,wc0.30_wr0.02_a1.5,0.3,0.02,1.5,0.26694662722701346,0.0276748342256158,0.3,decision_time_minus_10min,report_pareto_formula_full_gpu_before_top100,0.044678415892570544,0.05608632867507911,0.1669211253581758,0.028317037359147555,0.8057542580538337,0.7402736947013953,0.8546834859093836,0.034161490683229816,0.6804968944099378,0.231055900621118,4.60263354037267,0.4366459627329193,8.69798757763975,1610,0.01683818607764391,1992,48,100,platt
3,2023-08-08T06:45:00+00:00,2023-08-08T06:45:00+00:00,2023-08-09T06:40:00+00:00,common_terminal_heldout,all_gpus_before_top100,momentum_skip_retrain,7,3,7,0,"1,6,24",1.0,1.0,gpu_dynamic_pareto,wc0.30_wr0.05_a1.0,0.3,0.05,1.0,0.2758961489106679,0.07272727272727272,0.3,decision_time_minus_10min,report_pareto_formula_full_gpu_before_top100,0.04726291139150015,0.05608632867507911,0.1669211253581758,0.030945796391822628,0.8087159231147265,0.7402736947013953,0.8546834859093836,0.0906832298136646,1.8064099378881988,0.231055900621118,4.60263354037267,0.4366459627329193,8.69798757763975,1610,0.01683818607764391,1992,48,100,platt
3,2023-08-08T06:45:00+00:00,2023-08-08T06:45:00+00:00,2023-08-09T06:40:00+00:00,common_terminal_heldout,all_gpus_before_top100,momentum_skip_retrain,7,3,7,0,"1,6,24",1.0,1.5,gpu_dynamic_pareto,wc0.30_wr0.05_a1.5,0.3,0.05,1.5,0.2704880600241191,0.05685253055858554,0.3,decision_time_minus_10min,report_pareto_formula_full_gpu_before_top100,0.04562603691601677,0.05608632867507911,0.1669211253581758,0.029280887876963806,0.8073144267387188,0.7402736947013953,0.8546834859093836,0.061490683229813665,1.2248944099378882,0.231055900621118,4.60263354037267,0.4366459627329193,8.69798757763975,1610,0.01683818607764391,1992,48,100,platt
3,2023-08-08T06:45:00+00:00,2023-08-08T06:45:00+00:00,2023-08-09T06:40:00+00:00,common_terminal_heldout,all_gpus_before_top100,momentum_skip_retrain,7,3,7,0,"1,6,24",1.0,1.0,gpu_dynamic_pareto,wc0.50_wr0.02_a1.0,0.5,0.02,1.0,0.4537206059084824,0.06363636363636363,0.5,decision_time_minus_10min,report_pareto_formula_full_gpu_before_top100,0.04249224210124755,0.05608632867507911,0.1669211253581758,0.026093421917248748,0.7970972713120069,0.7402736947013953,0.8546834859093836,0.0670807453416149,1.3362484472049687,0.231055900621118,4.60263354037267,0.4366459627329193,8.69798757763975,1610,0.01683818607764391,1992,48,100,platt
3,2023-08-08T06:45:00+00:00,2023-08-08T06:45:00+00:00,2023-08-09T06:40:00+00:00,common_terminal_heldout,all_gpus_before_top100,momentum_skip_retrain,7,3,7,0,"1,6,24",1.0,1.5,gpu_dynamic_pareto,wc0.50_wr0.02_a1.5,0.5,0.02,1.5,0.44333707524630883,0.03315685867248423,0.5,decision_time_minus_10min,report_pareto_formula_full_gpu_before_top100,0.040915697209482176,0.05608632867507911,0.1669211253581758,0.024489876224728716,0.7942713845541509,0.7402736947013953,0.8546834859093836,0.02608695652173913,0.5196521739130435,0.231055900621118,4.60263354037267,0.4366459627329193,8.69798757763975,1610,0.01683818607764391,1992,48,100,platt
3,2023-08-08T06:45:00+00:00,2023-08-08T06:45:00+00:00,2023-08-09T06:40:00+00:00,common_terminal_heldout,all_gpus_before_top100,momentum_skip_retrain,7,3,7,0,"1,6,24",1.0,1.0,gpu_dynamic_pareto,wc0.50_wr0.05_a1.0,0.5,0.05,1.0,0.4566130680392023,0.09090909090909091,0.5,decision_time_minus_10min,report_pareto_formula_full_gpu_before_top100,0.04296726685514798,0.05608632867507911,0.1669211253581758,0.026576582214133445,0.7972172781887981,0.7402736947013953,0.8546834859093836,0.07701863354037267,1.5342111801242235,0.231055900621118,4.60263354037267,0.4366459627329193,8.69798757763975,1610,0.01683818607764391,1992,48,100,platt
3,2023-08-08T06:45:00+00:00,2023-08-08T06:45:00+00:00,2023-08-09T06:40:00+00:00,common_terminal_heldout,all_gpus_before_top100,momentum_skip_retrain,7,3,7,0,"1,6,24",1.0,1.5,gpu_dynamic_pareto,wc0.50_wr0.05_a1.5,0.5,0.05,1.5,0.44687850804341456,0.06233455500545397,0.5,decision_time_minus_10min,report_pareto_formula_full_gpu_before_top100,0.04140845225368631,0.05608632867507911,0.1669211253581758,0.024991070470911116,0.795383022333846,0.7402736947013953,0.8546834859093836,0.0391304347826087,0.7794782608695652,0.231055900621118,4.60263354037267,0.4366459627329193,8.69798757763975,1610,0.01683818607764391,1992,48,100,platt
4,2023-08-09T06:45:00+00:00,2023-08-09T06:45:00+00:00,2023-08-10T06:40:00+00:00,common_terminal_heldout,all_gpus_before_top100,momentum_skip_retrain,7,3,7,0,"1,6,24",1.0,1.0,gpu_dynamic_pareto,wc0.30_wr0.02_a1.0,0.3,0.02,1.0,0.2726540580461576,0.045454545454545456,0.3,decision_time_minus_10min,report_pareto_formula_full_gpu_before_top100,0.006173985337003101,0.006169631559244072,0.004608072350271864,0.0006660263751105646,0.5902017131538589,0.5961135620812485,0.2530178109580073,0.036053130929791274,0.7181783681214422,0.028462998102466792,0.5669829222011386,0.06451612903225806,1.2851612903225806,527,0.005511629852744311,1992,48,100,platt
4,2023-08-09T06:45:00+00:00,2023-08-09T06:45:00+00:00,2023-08-10T06:40:00+00:00,common_terminal_heldout,all_gpus_before_top100,momentum_skip_retrain,7,3,7,0,"1,6,24",1.0,1.5,gpu_dynamic_pareto,wc0.30_wr0.02_a1.5,0.3,0.02,1.5,0.2666444503184712,0.0276748342256158,0.3,decision_time_minus_10min,report_pareto_formula_full_gpu_before_top100,0.006138781367305082,0.006169631559244072,0.004608072350271864,0.0006306272988068302,0.5856402419999895,0.5961135620812485,0.2530178109580073,0.03795066413662239,0.755977229601518,0.028462998102466792,0.5669829222011386,0.06451612903225806,1.2851612903225806,527,0.005511629852744311,1992,48,100,platt
4,2023-08-09T06:45:00+00:00,2023-08-09T06:45:00+00:00,2023-08-10T06:40:00+00:00,common_terminal_heldout,all_gpus_before_top100,momentum_skip_retrain,7,3,7,0,"1,6,24",1.0,1.0,gpu_dynamic_pareto,wc0.30_wr0.05_a1.0,0.3,0.05,1.0,0.2755839803983551,0.07272727272727272,0.3,decision_time_minus_10min,report_pareto_formula_full_gpu_before_top100,0.006181694710383786,0.006169631559244072,0.004608072350271864,0.0006737784751975108,0.5916128349785479,0.5961135620812485,0.2530178109580073,0.03415559772296015,0.6803795066413661,0.028462998102466792,0.5669829222011386,0.06451612903225806,1.2851612903225806,527,0.005511629852744311,1992,48,100,platt
4,2023-08-09T06:45:00+00:00,2023-08-09T06:45:00+00:00,2023-08-10T06:40:00+00:00,common_terminal_heldout,all_gpus_before_top100,momentum_skip_retrain,7,3,7,0,"1,6,24",1.0,1.5,gpu_dynamic_pareto,wc0.30_wr0.05_a1.5,0.3,0.05,1.5,0.2702182592129207,0.05685253055858554,0.3,decision_time_minus_10min,report_pareto_formula_full_gpu_before_top100,0.00615363017067721,0.006169631559244072,0.004608072350271864,0.0006455583968647494,0.587986191623974,0.5961135620812485,0.2530178109580073,0.036053130929791274,0.7181783681214422,0.028462998102466792,0.5669829222011386,0.06451612903225806,1.2851612903225806,527,0.005511629852744311,1992,48,100,platt
4,2023-08-09T06:45:00+00:00,2023-08-09T06:45:00+00:00,2023-08-10T06:40:00+00:00,common_terminal_heldout,all_gpus_before_top100,momentum_skip_retrain,7,3,7,0,"1,6,24",1.0,1.0,gpu_dynamic_pareto,wc0.50_wr0.02_a1.0,0.5,0.02,1.0,0.4531212423648418,0.06363636363636363,0.5,decision_time_minus_10min,report_pareto_formula_full_gpu_before_top100,0.006192910452631763,0.006169631559244072,0.004608072350271864,0.0006850563770661029,0.591757211854437,0.5961135620812485,0.2530178109580073,0.036053130929791274,0.7181783681214422,0.028462998102466792,0.5669829222011386,0.06451612903225806,1.2851612903225806,527,0.005511629852744311,1992,48,100,platt
4,2023-08-09T06:45:00+00:00,2023-08-09T06:45:00+00:00,2023-08-10T06:40:00+00:00,common_terminal_heldout,all_gpus_before_top100,momentum_skip_retrain,7,3,7,0,"1,6,24",1.0,1.5,gpu_dynamic_pareto,wc0.50_wr0.02_a1.5,0.5,0.02,1.5,0.4428190576888079,0.03315685867248423,0.5,decision_time_minus_10min,report_pareto_formula_full_gpu_before_top100,0.006157112450883448,0.006169631559244072,0.004608072350271864,0.0006490599764817356,0.5872354318693505,0.5961135620812485,0.2530178109580073,0.03984819734345351,0.793776091081594,0.028462998102466792,0.5669829222011386,0.06451612903225806,1.2851612903225806,527,0.005511629852744311,1992,48,100,platt
4,2023-08-09T06:45:00+00:00,2023-08-09T06:45:00+00:00,2023-08-10T06:40:00+00:00,common_terminal_heldout,all_gpus_before_top100,momentum_skip_retrain,7,3,7,0,"1,6,24",1.0,1.0,gpu_dynamic_pareto,wc0.50_wr0.05_a1.0,0.5,0.05,1.0,0.4560511647170391,0.09090909090909091,0.5,decision_time_minus_10min,report_pareto_formula_full_gpu_before_top100,0.006197651980501028,0.006169631559244072,0.004608072350271864,0.0006898241833186412,0.5926000654974128,0.5961135620812485,0.2530178109580073,0.036053130929791274,0.7181783681214422,0.028462998102466792,0.5669829222011386,0.06451612903225806,1.2851612903225806,527,0.005511629852744311,1992,48,100,platt
4,2023-08-09T06:45:00+00:00,2023-08-09T06:45:00+00:00,2023-08-10T06:40:00+00:00,common_terminal_heldout,all_gpus_before_top100,momentum_skip_retrain,7,3,7,0,"1,6,24",1.0,1.5,gpu_dynamic_pareto,wc0.50_wr0.05_a1.5,0.5,0.05,1.5,0.4463928665832574,0.06233455500545397,0.5,decision_time_minus_10min,report_pareto_formula_full_gpu_before_top100,0.0061652228401737575,0.006169631559244072,0.004608072350271864,0.0006572153149791669,0.5885567347143053,0.5961135620812485,0.2530178109580073,0.03795066413662239,0.755977229601518,0.028462998102466792,0.5669829222011386,0.06451612903225806,1.2851612903225806,527,0.005511629852744311,1992,48,100,platt
5,2023-08-10T06:45:00+00:00,2023-08-10T06:45:00+00:00,2023-08-11T06:40:00+00:00,common_terminal_heldout,all_gpus_before_top100,momentum_skip_retrain,7,3,7,0,"1,6,24",1.0,1.0,gpu_dynamic_pareto,wc0.30_wr0.02_a1.0,0.3,0.02,1.0,0.2724938421615755,0.045454545454545456,0.3,decision_time_minus_10min,report_pareto_formula_full_gpu_before_top100,0.004136071385576994,0.004144939342279707,0.004001879041285664,-5.803075562327545e-05,0.5283084626824998,0.5341526454828638,0.4286541300479829,0.04488778054862843,0.8941645885286782,0.02743142144638404,0.54643391521197,0.1172069825436409,2.3347630922693265,401,0.004193858768406961,1992,48,100,platt
5,2023-08-10T06:45:00+00:00,2023-08-10T06:45:00+00:00,2023-08-11T06:40:00+00:00,common_terminal_heldout,all_gpus_before_top100,momentum_skip_retrain,7,3,7,0,"1,6,24",1.0,1.5,gpu_dynamic_pareto,wc0.30_wr0.02_a1.5,0.3,0.02,1.5,0.2664171305947922,0.0276748342256158,0.3,decision_time_minus_10min,report_pareto_formula_full_gpu_before_top100,0.004148961804172237,0.004144939342279707,0.004001879041285664,-4.508604875563081e-05,0.5274054531790044,0.5341526454828638,0.4286541300479829,0.04488778054862843,0.8941645885286782,0.02743142144638404,0.54643391521197,0.1172069825436409,2.3347630922693265,401,0.004193858768406961,1992,48,100,platt
5,2023-08-10T06:45:00+00:00,2023-08-10T06:45:00+00:00,2023-08-11T06:40:00+00:00,common_terminal_heldout,all_gpus_before_top100,momentum_skip_retrain,7,3,7,0,"1,6,24",1.0,1.0,gpu_dynamic_pareto,wc0.30_wr0.05_a1.0,0.3,0.05,1.0,0.2754409305014067,0.07272727272727272,0.3,decision_time_minus_10min,report_pareto_formula_full_gpu_before_top100,0.004136181613516681,0.004144939342279707,0.004001879041285664,-5.7920063456272966e-05,0.5291150111383307,0.5341526454828638,0.4286541300479829,0.04239401496259352,0.8444887780548628,0.02743142144638404,0.54643391521197,0.1172069825436409,2.3347630922693265,401,0.004193858768406961,1992,48,100,platt
5,2023-08-10T06:45:00+00:00,2023-08-10T06:45:00+00:00,2023-08-11T06:40:00+00:00,common_terminal_heldout,all_gpus_before_top100,momentum_skip_retrain,7,3,7,0,"1,6,24",1.0,1.5,gpu_dynamic_pareto,wc0.30_wr0.05_a1.5,0.3,0.05,1.5,0.27001529517392164,0.05685253055858554,0.3,decision_time_minus_10min,report_pareto_formula_full_gpu_before_top100,0.004142977076864857,0.004144939342279707,0.004001879041285664,-5.10959808695039e-05,0.5279477355552986,0.5341526454828638,0.4286541300479829,0.04488778054862843,0.8941645885286782,0.02743142144638404,0.54643391521197,0.1172069825436409,2.3347630922693265,401,0.004193858768406961,1992,48,100,platt
5,2023-08-10T06:45:00+00:00,2023-08-10T06:45:00+00:00,2023-08-11T06:40:00+00:00,common_terminal_heldout,all_gpus_before_top100,momentum_skip_retrain,7,3,7,0,"1,6,24",1.0,1.0,gpu_dynamic_pareto,wc0.50_wr0.02_a1.0,0.5,0.02,1.0,0.45284658656270094,0.06363636363636363,0.5,decision_time_minus_10min,report_pareto_formula_full_gpu_before_top100,0.004140305867234105,0.004144939342279707,0.004001879041285664,-5.377844035649641e-05,0.5285918743025857,0.5341526454828638,0.4286541300479829,0.04488778054862843,0.8941645885286782,0.02743142144638404,0.54643391521197,0.1172069825436409,2.3347630922693265,401,0.004193858768406961,1992,48,100,platt
5,2023-08-10T06:45:00+00:00,2023-08-10T06:45:00+00:00,2023-08-11T06:40:00+00:00,common_terminal_heldout,all_gpus_before_top100,momentum_skip_retrain,7,3,7,0,"1,6,24",1.0,1.5,gpu_dynamic_pareto,wc0.50_wr0.02_a1.5,0.5,0.02,1.5,0.44242936673392963,0.03315685867248423,0.5,decision_time_minus_10min,report_pareto_formula_full_gpu_before_top100,0.00415148292116248,0.004144939342279707,0.004001879041285664,-4.2554314027498815e-05,0.5273255447737847,0.5341526454828638,0.4286541300479829,0.04488778054862843,0.8941645885286782,0.02743142144638404,0.54643391521197,0.1172069825436409,2.3347630922693265,401,0.004193858768406961,1992,48,100,platt
5,2023-08-10T06:45:00+00:00,2023-08-10T06:45:00+00:00,2023-08-11T06:40:00+00:00,common_terminal_heldout,all_gpus_before_top100,momentum_skip_retrain,7,3,7,0,"1,6,24",1.0,1.0,gpu_dynamic_pareto,wc0.50_wr0.05_a1.0,0.5,0.05,1.0,0.45579367490253225,0.09090909090909091,0.5,decision_time_minus_10min,report_pareto_formula_full_gpu_before_top100,0.004140289866072161,0.004144939342279707,0.004001879041285664,-5.379450890767472e-05,0.529086724977191,0.5341526454828638,0.4286541300479829,0.04488778054862843,0.8941645885286782,0.02743142144638404,0.54643391521197,0.1172069825436409,2.3347630922693265,401,0.004193858768406961,1992,48,100,platt
5,2023-08-10T06:45:00+00:00,2023-08-10T06:45:00+00:00,2023-08-11T06:40:00+00:00,common_terminal_heldout,all_gpus_before_top100,momentum_skip_retrain,7,3,7,0,"1,6,24",1.0,1.5,gpu_dynamic_pareto,wc0.50_wr0.05_a1.5,0.5,0.05,1.5,0.44602753131305906,0.06233455500545397,0.5,decision_time_minus_10min,report_pareto_formula_full_gpu_before_top100,0.0041487542613071055,0.004144939342279707,0.004001879041285664,-4.529446569195836e-05,0.5277612826097859,0.5341526454828638,0.4286541300479829,0.04488778054862843,0.8941645885286782,0.02743142144638404,0.54643391521197,0.1172069825436409,2.3347630922693265,401,0.004193858768406961,1992,48,100,platt
6,2023-08-11T06:45:00+00:00,2023-08-11T06:45:00+00:00,2023-08-12T06:40:00+00:00,common_terminal_heldout,all_gpus_before_top100,momentum_skip_retrain,7,3,7,0,"1,6,24",1.0,1.0,gpu_dynamic_pareto,wc0.30_wr0.02_a1.0,0.3,0.02,1.0,0.27206606793334953,0.045454545454545456,0.3,decision_time_minus_10min,report_pareto_formula_full_gpu_before_top100,0.0063434829750862,0.006668442979972535,0.004289788898153691,0.002169157159992461,0.6641391940430179,0.6900558204503444,0.4226055757435725,0.0325,0.6474,0.0225,0.4482,0.0025,0.049800000000000004,400,0.004183400267737617,1992,48,100,platt
6,2023-08-11T06:45:00+00:00,2023-08-11T06:45:00+00:00,2023-08-12T06:40:00+00:00,common_terminal_heldout,all_gpus_before_top100,momentum_skip_retrain,7,3,7,0,"1,6,24",1.0,1.5,gpu_dynamic_pareto,wc0.30_wr0.02_a1.5,0.3,0.02,1.5,0.2658534921271079,0.0276748342256158,0.3,decision_time_minus_10min,report_pareto_formula_full_gpu_before_top100,0.006343718780937187,0.006668442979972535,0.004289788898153691,0.0021693939564578443,0.6600120515459587,0.6900558204503444,0.4226055757435725,0.0325,0.6474,0.0225,0.4482,0.0025,0.049800000000000004,400,0.004183400267737617,1992,48,100,platt
6,2023-08-11T06:45:00+00:00,2023-08-11T06:45:00+00:00,2023-08-12T06:40:00+00:00,common_terminal_heldout,all_gpus_before_top100,momentum_skip_retrain,7,3,7,0,"1,6,24",1.0,1.0,gpu_dynamic_pareto,wc0.30_wr0.05_a1.0,0.3,0.05,1.0,0.2750589892262049,0.07272727272727272,0.3,decision_time_minus_10min,report_pareto_formula_full_gpu_before_top100,0.0063539755136595,0.006668442979972535,0.004289788898153691,0.00217969377745407,0.6660164520668795,0.6900558204503444,0.4226055757435725,0.0325,0.6474,0.0225,0.4482,0.0025,0.049800000000000004,400,0.004183400267737617,1992,48,100,platt
6,2023-08-11T06:45:00+00:00,2023-08-11T06:45:00+00:00,2023-08-12T06:40:00+00:00,common_terminal_heldout,all_gpus_before_top100,momentum_skip_retrain,7,3,7,0,"1,6,24",1.0,1.5,gpu_dynamic_pareto,wc0.30_wr0.05_a1.5,0.3,0.05,1.5,0.2695120465420607,0.05685253055858554,0.3,decision_time_minus_10min,report_pareto_formula_full_gpu_before_top100,0.006343297677267649,0.006668442979972535,0.004289788898153691,0.0021689710837424756,0.662117159931104,0.6900558204503444,0.4226055757435725,0.0325,0.6474,0.0225,0.4482,0.0025,0.049800000000000004,400,0.004183400267737617,1992,48,100,platt
6,2023-08-11T06:45:00+00:00,2023-08-11T06:45:00+00:00,2023-08-12T06:40:00+00:00,common_terminal_heldout,all_gpus_before_top100,momentum_skip_retrain,7,3,7,0,"1,6,24",1.0,1.0,gpu_dynamic_pareto,wc0.50_wr0.02_a1.0,0.5,0.02,1.0,0.45211325931431356,0.06363636363636363,0.5,decision_time_minus_10min,report_pareto_formula_full_gpu_before_top100,0.006525844595063834,0.006668442979972535,0.004289788898153691,0.0023522848765083976,0.668913365400773,0.6900558204503444,0.4226055757435725,0.035,0.6972,0.0225,0.4482,0.0025,0.049800000000000004,400,0.004183400267737617,1992,48,100,platt
6,2023-08-11T06:45:00+00:00,2023-08-11T06:45:00+00:00,2023-08-12T06:40:00+00:00,common_terminal_heldout,all_gpus_before_top100,momentum_skip_retrain,7,3,7,0,"1,6,24",1.0,1.5,gpu_dynamic_pareto,wc0.50_wr0.02_a1.5,0.5,0.02,1.5,0.44146312936075655,0.03315685867248423,0.5,decision_time_minus_10min,report_pareto_formula_full_gpu_before_top100,0.006562437430329042,0.006668442979972535,0.004289788898153691,0.0023890314373460524,0.6651248214585783,0.6900558204503444,0.4226055757435725,0.045,0.8964,0.0225,0.4482,0.0025,0.049800000000000004,400,0.004183400267737617,1992,48,100,platt
6,2023-08-11T06:45:00+00:00,2023-08-11T06:45:00+00:00,2023-08-12T06:40:00+00:00,common_terminal_heldout,all_gpus_before_top100,momentum_skip_retrain,7,3,7,0,"1,6,24",1.0,1.0,gpu_dynamic_pareto,wc0.50_wr0.05_a1.0,0.5,0.05,1.0,0.455106180607169,0.09090909090909091,0.5,decision_time_minus_10min,report_pareto_formula_full_gpu_before_top100,0.006522562493052944,0.006668442979972535,0.004289788898153691,0.0023489889864702395,0.6699982145857839,0.6900558204503444,0.4226055757435725,0.035,0.6972,0.0225,0.4482,0.0025,0.049800000000000004,400,0.004183400267737617,1992,48,100,platt
6,2023-08-11T06:45:00+00:00,2023-08-11T06:45:00+00:00,2023-08-12T06:40:00+00:00,common_terminal_heldout,all_gpus_before_top100,momentum_skip_retrain,7,3,7,0,"1,6,24",1.0,1.5,gpu_dynamic_pareto,wc0.50_wr0.05_a1.5,0.5,0.05,1.5,0.44512168377570926,0.06233455500545397,0.5,decision_time_minus_10min,report_pareto_formula_full_gpu_before_top100,0.006543735039359541,0.006668442979972535,0.004289788898153691,0.0023702504781066406,0.6660786264913461,0.6900558204503444,0.4226055757435725,0.0375,0.747,0.0225,0.4482,0.0025,0.049800000000000004,400,0.004183400267737617,1992,48,100,platt
7,2023-08-12T06:45:00+00:00,2023-08-12T06:45:00+00:00,2023-08-13T06:40:00+00:00,common_terminal_heldout,all_gpus_before_top100,momentum_skip_retrain,7,3,7,0,"1,6,24",1.0,1.0,gpu_dynamic_pareto,wc0.30_wr0.02_a1.0,0.3,0.02,1.0,0.27266726089965915,0.045454545454545456,0.3,decision_time_minus_10min,report_pareto_formula_full_gpu_before_top100,0.003075386606022655,0.002108865508829062,0.005656114618589922,0.0011846404958501828,0.7091974607691967,0.5481755972289722,0.7136612029766578,0.10497237569060773,2.0910497237569063,0.09944751381215469,1.9809944751381217,0.0,0.0,181,0.0018929886211512717,1992,48,100,platt
7,2023-08-12T06:45:00+00:00,2023-08-12T06:45:00+00:00,2023-08-13T06:40:00+00:00,common_terminal_heldout,all_gpus_before_top100,momentum_skip_retrain,7,3,7,0,"1,6,24",1.0,1.5,gpu_dynamic_pareto,wc0.30_wr0.02_a1.5,0.3,0.02,1.5,0.2663782845580779,0.0276748342256158,0.3,decision_time_minus_10min,report_pareto_formula_full_gpu_before_top100,0.00347347683212395,0.002108865508829062,0.005656114618589922,0.0015834857314440574,0.7445920641945705,0.5481755972289722,0.7136612029766578,0.10497237569060773,2.0910497237569063,0.09944751381215469,1.9809944751381217,0.0,0.0,181,0.0018929886211512717,1992,48,100,platt
7,2023-08-12T06:45:00+00:00,2023-08-12T06:45:00+00:00,2023-08-13T06:40:00+00:00,common_terminal_heldout,all_gpus_before_top100,momentum_skip_retrain,7,3,7,0,"1,6,24",1.0,1.0,gpu_dynamic_pareto,wc0.30_wr0.05_a1.0,0.3,0.05,1.0,0.27559576866040997,0.07272727272727272,0.3,decision_time_minus_10min,report_pareto_formula_full_gpu_before_top100,0.0029390288600394687,0.002108865508829062,0.005656114618589922,0.0010480241366535741,0.6946785394125822,0.5481755972289722,0.7136612029766578,0.10497237569060773,2.0910497237569063,0.09944751381215469,1.9809944751381217,0.0,0.0,181,0.0018929886211512717,1992,48,100,platt
7,2023-08-12T06:45:00+00:00,2023-08-12T06:45:00+00:00,2023-08-13T06:40:00+00:00,common_terminal_heldout,all_gpus_before_top100,momentum_skip_retrain,7,3,7,0,"1,6,24",1.0,1.5,gpu_dynamic_pareto,wc0.30_wr0.05_a1.5,0.3,0.05,1.5,0.2699806112125695,0.05685253055858554,0.3,decision_time_minus_10min,report_pareto_formula_full_gpu_before_top100,0.0032850519578134195,0.002108865508829062,0.005656114618589922,0.0013947034945071299,0.729535853131937,0.5481755972289722,0.7136612029766578,0.09944751381215469,1.9809944751381217,0.09944751381215469,1.9809944751381217,0.0,0.0,181,0.0018929886211512717,1992,48,100,platt
7,2023-08-12T06:45:00+00:00,2023-08-12T06:45:00+00:00,2023-08-13T06:40:00+00:00,common_terminal_heldout,all_gpus_before_top100,momentum_skip_retrain,7,3,7,0,"1,6,24",1.0,1.0,gpu_dynamic_pareto,wc0.50_wr0.02_a1.0,0.5,0.02,1.0,0.45314387582798726,0.06363636363636363,0.5,decision_time_minus_10min,report_pareto_formula_full_gpu_before_top100,0.003037724697859808,0.002108865508829062,0.005656114618589922,0.0011469071589098696,0.7039622872528727,0.5481755972289722,0.7136612029766578,0.11049723756906077,2.2011049723756906,0.09944751381215469,1.9809944751381217,0.0,0.0,181,0.0018929886211512717,1992,48,100,platt
7,2023-08-12T06:45:00+00:00,2023-08-12T06:45:00+00:00,2023-08-13T06:40:00+00:00,common_terminal_heldout,all_gpus_before_top100,momentum_skip_retrain,7,3,7,0,"1,6,24",1.0,1.5,gpu_dynamic_pareto,wc0.50_wr0.02_a1.5,0.5,0.02,1.5,0.4423627735281336,0.03315685867248423,0.5,decision_time_minus_10min,report_pareto_formula_full_gpu_before_top100,0.0034456493577578774,0.002108865508829062,0.005656114618589922,0.0015556054800793966,0.7413634051929128,0.5481755972289722,0.7136612029766578,0.10497237569060773,2.0910497237569063,0.09944751381215469,1.9809944751381217,0.0,0.0,181,0.0018929886211512717,1992,48,100,platt
7,2023-08-12T06:45:00+00:00,2023-08-12T06:45:00+00:00,2023-08-13T06:40:00+00:00,common_terminal_heldout,all_gpus_before_top100,momentum_skip_retrain,7,3,7,0,"1,6,24",1.0,1.0,gpu_dynamic_pareto,wc0.50_wr0.05_a1.0,0.5,0.05,1.0,0.4560723835887381,0.09090909090909091,0.5,decision_time_minus_10min,report_pareto_formula_full_gpu_before_top100,0.0029568588985512093,0.002108865508829062,0.005656114618589922,0.0010658879912387744,0.6953114656442281,0.5481755972289722,0.7136612029766578,0.10497237569060773,2.0910497237569063,0.09944751381215469,1.9809944751381217,0.0,0.0,181,0.0018929886211512717,1992,48,100,platt
7,2023-08-12T06:45:00+00:00,2023-08-12T06:45:00+00:00,2023-08-13T06:40:00+00:00,common_terminal_heldout,all_gpus_before_top100,momentum_skip_retrain,7,3,7,0,"1,6,24",1.0,1.5,gpu_dynamic_pareto,wc0.50_wr0.05_a1.5,0.5,0.05,1.5,0.4459651001826252,0.06233455500545397,0.5,decision_time_minus_10min,report_pareto_formula_full_gpu_before_top100,0.003333045245378222,0.002108865508829062,0.005656114618589922,0.0014427878051247872,0.732442346718877,0.5481755972289722,0.7136612029766578,0.10497237569060773,2.0910497237569063,0.09944751381215469,1.9809944751381217,0.0,0.0,181,0.0018929886211512717,1992,48,100,platt
8,2023-08-13T06:45:00+00:00,2023-08-13T06:45:00+00:00,2023-08-14T06:40:00+00:00,common_terminal_heldout,all_gpus_before_top100,momentum_skip_retrain,7,3,7,0,"1,6,24",1.0,1.0,gpu_dynamic_pareto,wc0.30_wr0.02_a1.0,0.3,0.02,1.0,0.2727860102024258,0.045454545454545456,0.3,decision_time_minus_10min,report_pareto_formula_full_gpu_before_top100,0.02559603864025723,0.02395728039502435,0.04395196725316627,0.0008085327809492879,0.49442675124677876,0.483359091847222,0.4963120002006739,0.031618887015177066,0.6298482293423272,0.04005059021922428,0.7978077571669477,0.15556492411467115,3.0988532883642494,2372,0.02480756358768407,1992,48,100,platt
8,2023-08-13T06:45:00+00:00,2023-08-13T06:45:00+00:00,2023-08-14T06:40:00+00:00,common_terminal_heldout,all_gpus_before_top100,momentum_skip_retrain,7,3,7,0,"1,6,24",1.0,1.5,gpu_dynamic_pareto,wc0.30_wr0.02_a1.5,0.3,0.02,1.5,0.2665029505122072,0.0276748342256158,0.3,decision_time_minus_10min,report_pareto_formula_full_gpu_before_top100,0.025539942051137354,0.02395728039502435,0.04395196725316627,0.000751009171223342,0.4927293424356616,0.483359091847222,0.4963120002006739,0.03330522765598651,0.6634401349072512,0.04005059021922428,0.7978077571669477,0.15556492411467115,3.0988532883642494,2372,0.02480756358768407,1992,48,100,platt
8,2023-08-13T06:45:00+00:00,2023-08-13T06:45:00+00:00,2023-08-14T06:40:00+00:00,common_terminal_heldout,all_gpus_before_top100,momentum_skip_retrain,7,3,7,0,"1,6,24",1.0,1.0,gpu_dynamic_pareto,wc0.30_wr0.05_a1.0,0.3,0.05,1.0,0.27570179482359447,0.07272727272727272,0.3,decision_time_minus_10min,report_pareto_formula_full_gpu_before_top100,0.025602907861813975,0.02395728039502435,0.04395196725316627,0.0008155767461199124,0.4953929328864493,0.483359091847222,0.4963120002006739,0.03330522765598651,0.6634401349072512,0.04005059021922428,0.7978077571669477,0.15556492411467115,3.0988532883642494,2372,0.02480756358768407,1992,48,100,platt
8,2023-08-13T06:45:00+00:00,2023-08-13T06:45:00+00:00,2023-08-14T06:40:00+00:00,common_terminal_heldout,all_gpus_before_top100,momentum_skip_retrain,7,3,7,0,"1,6,24",1.0,1.5,gpu_dynamic_pareto,wc0.30_wr0.05_a1.5,0.3,0.05,1.5,0.27009192010018496,0.05685253055858554,0.3,decision_time_minus_10min,report_pareto_formula_full_gpu_before_top100,0.025529104298193855,0.02395728039502435,0.04395196725316627,0.0007398957206480171,0.4933393351632226,0.483359091847222,0.4963120002006739,0.03456998313659359,0.6886340640809443,0.04005059021922428,0.7978077571669477,0.15556492411467115,3.0988532883642494,2372,0.02480756358768407,1992,48,100,platt
8,2023-08-13T06:45:00+00:00,2023-08-13T06:45:00+00:00,2023-08-14T06:40:00+00:00,common_terminal_heldout,all_gpus_before_top100,momentum_skip_retrain,7,3,7,0,"1,6,24",1.0,1.0,gpu_dynamic_pareto,wc0.50_wr0.02_a1.0,0.5,0.02,1.0,0.4533474460613015,0.06363636363636363,0.5,decision_time_minus_10min,report_pareto_formula_full_gpu_before_top100,0.02528887956063125,0.02395728039502435,0.04395196725316627,0.000493559993879688,0.49366155094147085,0.483359091847222,0.4963120002006739,0.026981450252951095,0.5374704890387859,0.04005059021922428,0.7978077571669477,0.15556492411467115,3.0988532883642494,2372,0.02480756358768407,1992,48,100,platt
8,2023-08-13T06:45:00+00:00,2023-08-13T06:45:00+00:00,2023-08-14T06:40:00+00:00,common_terminal_heldout,all_gpus_before_top100,momentum_skip_retrain,7,3,7,0,"1,6,24",1.0,1.5,gpu_dynamic_pareto,wc0.50_wr0.02_a1.5,0.5,0.02,1.5,0.4425764865923552,0.03315685867248423,0.5,decision_time_minus_10min,report_pareto_formula_full_gpu_before_top100,0.025238227240294352,0.02395728039502435,0.04395196725316627,0.0004416191476983487,0.49183917308325154,0.483359091847222,0.4963120002006739,0.025295109612141653,0.5038785834738617,0.04005059021922428,0.7978077571669477,0.15556492411467115,3.0988532883642494,2372,0.02480756358768407,1992,48,100,platt
8,2023-08-13T06:45:00+00:00,2023-08-13T06:45:00+00:00,2023-08-14T06:40:00+00:00,common_terminal_heldout,all_gpus_before_top100,momentum_skip_retrain,7,3,7,0,"1,6,24",1.0,1.0,gpu_dynamic_pareto,wc0.50_wr0.05_a1.0,0.5,0.05,1.0,0.4562632306824702,0.09090909090909091,0.5,decision_time_minus_10min,report_pareto_formula_full_gpu_before_top100,0.02527102760278914,0.02395728039502435,0.04395196725316627,0.0004752539066136845,0.4941575930578121,0.483359091847222,0.4963120002006739,0.02866779089376054,0.5710623946037099,0.04005059021922428,0.7978077571669477,0.15556492411467115,3.0988532883642494,2372,0.02480756358768407,1992,48,100,platt
8,2023-08-13T06:45:00+00:00,2023-08-13T06:45:00+00:00,2023-08-14T06:40:00+00:00,common_terminal_heldout,all_gpus_before_top100,momentum_skip_retrain,7,3,7,0,"1,6,24",1.0,1.5,gpu_dynamic_pareto,wc0.50_wr0.05_a1.5,0.5,0.05,1.5,0.446165456180333,0.06233455500545397,0.5,decision_time_minus_10min,report_pareto_formula_full_gpu_before_top100,0.02522510713435773,0.02395728039502435,0.04395196725316627,0.0004281652841871727,0.49215903777957165,0.483359091847222,0.4963120002006739,0.025716694772344013,0.5122765598650928,0.04005059021922428,0.7978077571669477,0.15556492411467115,3.0988532883642494,2372,0.02480756358768407,1992,48,100,platt
9,2023-08-14T06:45:00+00:00,2023-08-14T06:45:00+00:00,2023-08-15T06:40:00+00:00,common_terminal_heldout,all_gpus_before_top100,momentum_skip_retrain,7,3,7,0,"1,6,24",1.0,1.0,gpu_dynamic_pareto,wc0.30_wr0.02_a1.0,0.3,0.02,1.0,0.2701440116526712,0.045454545454545456,0.3,decision_time_minus_10min,report_pareto_formula_full_gpu_before_top100,0.018458014554687346,0.02023311559503117,0.00770284850356385,0.008848773560402848,0.7214451766318906,0.7449450112064474,0.3666678389595016,0.05393743257820928,1.0744336569579287,0.06256742179072276,1.2463430420711972,0.06796116504854369,1.35378640776699,927,0.009695030120481929,1992,48,100,platt
9,2023-08-14T06:45:00+00:00,2023-08-14T06:45:00+00:00,2023-08-15T06:40:00+00:00,common_terminal_heldout,all_gpus_before_top100,momentum_skip_retrain,7,3,7,0,"1,6,24",1.0,1.5,gpu_dynamic_pareto,wc0.30_wr0.02_a1.5,0.3,0.02,1.5,0.2631311764015786,0.0276748342256158,0.3,decision_time_minus_10min,report_pareto_formula_full_gpu_before_top100,0.017890063497473994,0.02023311559503117,0.00770284850356385,0.008275262294189116,0.7108582102929977,0.7449450112064474,0.3666678389595016,0.05501618122977346,1.0959223300970873,0.06256742179072276,1.2463430420711972,0.06796116504854369,1.35378640776699,927,0.009695030120481929,1992,48,100,platt
9,2023-08-14T06:45:00+00:00,2023-08-14T06:45:00+00:00,2023-08-15T06:40:00+00:00,common_terminal_heldout,all_gpus_before_top100,momentum_skip_retrain,7,3,7,0,"1,6,24",1.0,1.0,gpu_dynamic_pareto,wc0.30_wr0.05_a1.0,0.3,0.05,1.0,0.2733428675470279,0.07272727272727272,0.3,decision_time_minus_10min,report_pareto_formula_full_gpu_before_top100,0.018723613101057884,0.02023311559503117,0.00770284850356385,0.009116972301648032,0.7258843727589086,0.7449450112064474,0.3666678389595016,0.05717367853290183,1.1388996763754045,0.06256742179072276,1.2463430420711972,0.06796116504854369,1.35378640776699,927,0.009695030120481929,1992,48,100,platt
9,2023-08-14T06:45:00+00:00,2023-08-14T06:45:00+00:00,2023-08-15T06:40:00+00:00,common_terminal_heldout,all_gpus_before_top100,momentum_skip_retrain,7,3,7,0,"1,6,24",1.0,1.5,gpu_dynamic_pareto,wc0.30_wr0.05_a1.5,0.3,0.05,1.5,0.2670814075014094,0.05685253055858554,0.3,decision_time_minus_10min,report_pareto_formula_full_gpu_before_top100,0.018218695899310827,0.02023311559503117,0.00770284850356385,0.00860711198881078,0.7163228037854189,0.7449450112064474,0.3666678389595016,0.061488673139158574,1.2248543689320388,0.06256742179072276,1.2463430420711972,0.06796116504854369,1.35378640776699,927,0.009695030120481929,1992,48,100,platt
9,2023-08-14T06:45:00+00:00,2023-08-14T06:45:00+00:00,2023-08-15T06:40:00+00:00,common_terminal_heldout,all_gpus_before_top100,momentum_skip_retrain,7,3,7,0,"1,6,24",1.0,1.0,gpu_dynamic_pareto,wc0.50_wr0.02_a1.0,0.5,0.02,1.0,0.44881830569029363,0.06363636363636363,0.5,decision_time_minus_10min,report_pareto_formula_full_gpu_before_top100,0.018835475862881413,0.02023311559503117,0.00770284850356385,0.009229930193636738,0.725156924611306,0.7449450112064474,0.3666678389595016,0.05609492988133765,1.1174110032362459,0.06256742179072276,1.2463430420711972,0.06796116504854369,1.35378640776699,927,0.009695030120481929,1992,48,100,platt
9,2023-08-14T06:45:00+00:00,2023-08-14T06:45:00+00:00,2023-08-15T06:40:00+00:00,common_terminal_heldout,all_gpus_before_top100,momentum_skip_retrain,7,3,7,0,"1,6,24",1.0,1.5,gpu_dynamic_pareto,wc0.50_wr0.02_a1.5,0.5,0.02,1.5,0.4367963024027062,0.03315685867248423,0.5,decision_time_minus_10min,report_pareto_formula_full_gpu_before_top100,0.018238433951445154,0.02023311559503117,0.00770284850356385,0.008627043275368625,0.7139788447055252,0.7449450112064474,0.3666678389595016,0.05501618122977346,1.0959223300970873,0.06256742179072276,1.2463430420711972,0.06796116504854369,1.35378640776699,927,0.009695030120481929,1992,48,100,platt
9,2023-08-14T06:45:00+00:00,2023-08-14T06:45:00+00:00,2023-08-15T06:40:00+00:00,common_terminal_heldout,all_gpus_before_top100,momentum_skip_retrain,7,3,7,0,"1,6,24",1.0,1.0,gpu_dynamic_pareto,wc0.50_wr0.05_a1.0,0.5,0.05,1.0,0.45201716158465033,0.09090909090909091,0.5,decision_time_minus_10min,report_pareto_formula_full_gpu_before_top100,0.018994103547144026,0.02023311559503117,0.00770284850356385,0.009390110834032708,0.7279033253276783,0.7449450112064474,0.3666678389595016,0.05393743257820928,1.0744336569579287,0.06256742179072276,1.2463430420711972,0.06796116504854369,1.35378640776699,927,0.009695030120481929,1992,48,100,platt
9,2023-08-14T06:45:00+00:00,2023-08-14T06:45:00+00:00,2023-08-15T06:40:00+00:00,common_terminal_heldout,all_gpus_before_top100,momentum_skip_retrain,7,3,7,0,"1,6,24",1.0,1.5,gpu_dynamic_pareto,wc0.50_wr0.05_a1.5,0.5,0.05,1.5,0.44074653350253706,0.06233455500545397,0.5,decision_time_minus_10min,report_pareto_formula_full_gpu_before_top100,0.018447546605723283,0.02023311559503117,0.00770284850356385,0.008838203130805451,0.717371567259709,0.7449450112064474,0.3666678389595016,0.05717367853290183,1.1388996763754045,0.06256742179072276,1.2463430420711972,0.06796116504854369,1.35378640776699,927,0.009695030120481929,1992,48,100,platt
10,2023-08-15T06:45:00+00:00,2023-08-15T06:45:00+00:00,2023-08-16T06:40:00+00:00,common_terminal_heldout,all_gpus_before_top100,momentum_skip_retrain,7,3,7,0,"1,6,24",1.0,1.0,gpu_dynamic_pareto,wc0.30_wr0.02_a1.0,0.3,0.02,1.0,0.26888660703419737,0.045454545454545456,0.3,decision_time_minus_10min,report_pareto_formula_full_gpu_before_top100,0.01863042410910961,0.013962954468784951,0.0418875533098984,0.011017776471507423,0.8040556950656206,0.7220853056950656,0.807129994581256,0.09510869565217392,1.8945652173913043,0.12228260869565218,2.435869565217391,0.3804347826086957,7.578260869565217,736,0.007697456492637216,1992,48,100,platt
10,2023-08-15T06:45:00+00:00,2023-08-15T06:45:00+00:00,2023-08-16T06:40:00+00:00,common_terminal_heldout,all_gpus_before_top100,momentum_skip_retrain,7,3,7,0,"1,6,24",1.0,1.5,gpu_dynamic_pareto,wc0.30_wr0.02_a1.5,0.3,0.02,1.5,0.26151366811305765,0.0276748342256158,0.3,decision_time_minus_10min,report_pareto_formula_full_gpu_before_top100,0.019135199990788606,0.013962954468784951,0.0418875533098984,0.011526467983971788,0.8091176382982624,0.7220853056950656,0.807129994581256,0.08423913043478261,1.6780434782608695,0.12228260869565218,2.435869565217391,0.3804347826086957,7.578260869565217,736,0.007697456492637216,1992,48,100,platt
10,2023-08-15T06:45:00+00:00,2023-08-15T06:45:00+00:00,2023-08-16T06:40:00+00:00,common_terminal_heldout,all_gpus_before_top100,momentum_skip_retrain,7,3,7,0,"1,6,24",1.0,1.0,gpu_dynamic_pareto,wc0.30_wr0.05_a1.0,0.3,0.05,1.0,0.2722201848519619,0.07272727272727272,0.3,decision_time_minus_10min,report_pareto_formula_full_gpu_before_top100,0.018357936874485642,0.013962954468784951,0.0418875533098984,0.010743175507913354,0.8016275850731359,0.7220853056950656,0.807129994581256,0.09510869565217392,1.8945652173913043,0.12228260869565218,2.435869565217391,0.3804347826086957,7.578260869565217,736,0.007697456492637216,1992,48,100,platt
10,2023-08-15T06:45:00+00:00,2023-08-15T06:45:00+00:00,2023-08-16T06:40:00+00:00,common_terminal_heldout,all_gpus_before_top100,momentum_skip_retrain,7,3,7,0,"1,6,24",1.0,1.5,gpu_dynamic_pareto,wc0.30_wr0.05_a1.5,0.3,0.05,1.5,0.2656372036723729,0.05685253055858554,0.3,decision_time_minus_10min,report_pareto_formula_full_gpu_before_top100,0.018836228739277466,0.013962954468784951,0.0418875533098984,0.011225177562550107,0.8063803276679009,0.7220853056950656,0.807129994581256,0.09239130434782608,1.8404347826086955,0.12228260869565218,2.435869565217391,0.3804347826086957,7.578260869565217,736,0.007697456492637216,1992,48,100,platt
10,2023-08-15T06:45:00+00:00,2023-08-15T06:45:00+00:00,2023-08-16T06:40:00+00:00,common_terminal_heldout,all_gpus_before_top100,momentum_skip_retrain,7,3,7,0,"1,6,24",1.0,1.0,gpu_dynamic_pareto,wc0.50_wr0.02_a1.0,0.5,0.02,1.0,0.4466627549157669,0.06363636363636363,0.5,decision_time_minus_10min,report_pareto_formula_full_gpu_before_top100,0.01795225278723645,0.013962954468784951,0.0418875533098984,0.010334344461471337,0.7986312659240048,0.7220853056950656,0.807129994581256,0.09375,1.8675,0.12228260869565218,2.435869565217391,0.3804347826086957,7.578260869565217,736,0.007697456492637216,1992,48,100,platt
10,2023-08-15T06:45:00+00:00,2023-08-15T06:45:00+00:00,2023-08-16T06:40:00+00:00,common_terminal_heldout,all_gpus_before_top100,momentum_skip_retrain,7,3,7,0,"1,6,24",1.0,1.5,gpu_dynamic_pareto,wc0.50_wr0.02_a1.5,0.5,0.02,1.5,0.4340234310509561,0.03315685867248423,0.5,decision_time_minus_10min,report_pareto_formula_full_gpu_before_top100,0.018500013584736116,0.013962954468784951,0.0418875533098984,0.010886354330924625,0.8044030159377521,0.7220853056950656,0.807129994581256,0.07880434782608696,1.5697826086956521,0.12228260869565218,2.435869565217391,0.3804347826086957,7.578260869565217,736,0.007697456492637216,1992,48,100,platt
10,2023-08-15T06:45:00+00:00,2023-08-15T06:45:00+00:00,2023-08-16T06:40:00+00:00,common_terminal_heldout,all_gpus_before_top100,momentum_skip_retrain,7,3,7,0,"1,6,24",1.0,1.0,gpu_dynamic_pareto,wc0.50_wr0.05_a1.0,0.5,0.05,1.0,0.44999633273353157,0.09090909090909091,0.5,decision_time_minus_10min,report_pareto_formula_full_gpu_before_top100,0.017772641502425846,0.013962954468784951,0.0418875533098984,0.01015333990193876,0.7968694294623873,0.7220853056950656,0.807129994581256,0.09510869565217392,1.8945652173913043,0.12228260869565218,2.435869565217391,0.3804347826086957,7.578260869565217,736,0.007697456492637216,1992,48,100,platt
10,2023-08-15T06:45:00+00:00,2023-08-15T06:45:00+00:00,2023-08-16T06:40:00+00:00,common_terminal_heldout,all_gpus_before_top100,momentum_skip_retrain,7,3,7,0,"1,6,24",1.0,1.5,gpu_dynamic_pareto,wc0.50_wr0.05_a1.5,0.5,0.05,1.5,0.4381469666102713,0.06233455500545397,0.5,decision_time_minus_10min,report_pareto_formula_full_gpu_before_top100,0.01830668101108274,0.013962954468784951,0.0418875533098984,0.010691522044220988,0.8025349382973458,0.7220853056950656,0.807129994581256,0.08559782608695653,1.7051086956521737,0.12228260869565218,2.435869565217391,0.3804347826086957,7.578260869565217,736,0.007697456492637216,1992,48,100,platt
11,2023-08-16T06:45:00+00:00,2023-08-16T06:45:00+00:00,2023-08-17T06:40:00+00:00,common_terminal_heldout,all_gpus_before_top100,momentum_skip_retrain,7,3,7,0,"1,6,24",1.0,1.0,gpu_dynamic_pareto,wc0.30_wr0.02_a1.0,0.3,0.02,1.0,0.26843056062634374,0.045454545454545456,0.3,decision_time_minus_10min,report_pareto_formula_full_gpu_before_top100,0.00815934728766963,0.007159399617168282,0.014257136935093586,0.0052358960534726945,0.7744699110292288,0.7460550704604684,0.8454408848960595,0.12455516014234876,2.4811387900355872,0.15658362989323843,3.1191459074733094,0.3701067615658363,7.372526690391459,281,0.002938838688085676,1992,48,100,platt
11,2023-08-16T06:45:00+00:00,2023-08-16T06:45:00+00:00,2023-08-17T06:40:00+00:00,common_terminal_heldout,all_gpus_before_top100,momentum_skip_retrain,7,3,7,0,"1,6,24",1.0,1.5,gpu_dynamic_pareto,wc0.30_wr0.02_a1.5,0.3,0.02,1.5,0.2609958381822546,0.0276748342256158,0.3,decision_time_minus_10min,report_pareto_formula_full_gpu_before_top100,0.008068171720006722,0.007159399617168282,0.014257136935093586,0.005144451745740417,0.7733573704414122,0.7460550704604684,0.8454408848960595,0.10320284697508897,2.055800711743772,0.15658362989323843,3.1191459074733094,0.3701067615658363,7.372526690391459,281,0.002938838688085676,1992,48,100,platt
11,2023-08-16T06:45:00+00:00,2023-08-16T06:45:00+00:00,2023-08-17T06:40:00+00:00,common_terminal_heldout,all_gpus_before_top100,momentum_skip_retrain,7,3,7,0,"1,6,24",1.0,1.0,gpu_dynamic_pareto,wc0.30_wr0.05_a1.0,0.3,0.05,1.0,0.27181300055923546,0.07272727272727272,0.3,decision_time_minus_10min,report_pareto_formula_full_gpu_before_top100,0.008180020280977801,0.007159399617168282,0.014257136935093586,0.005256629980447616,0.7749978116128051,0.7460550704604684,0.8454408848960595,0.1387900355871886,2.764697508896797,0.15658362989323843,3.1191459074733094,0.3701067615658363,7.372526690391459,281,0.002938838688085676,1992,48,100,platt
11,2023-08-16T06:45:00+00:00,2023-08-16T06:45:00+00:00,2023-08-17T06:40:00+00:00,common_terminal_heldout,all_gpus_before_top100,momentum_skip_retrain,7,3,7,0,"1,6,24",1.0,1.5,gpu_dynamic_pareto,wc0.30_wr0.05_a1.5,0.3,0.05,1.5,0.2651748555198702,0.05685253055858554,0.3,decision_time_minus_10min,report_pareto_formula_full_gpu_before_top100,0.00814617249490675,0.007159399617168282,0.014257136935093586,0.005222682427996053,0.7742576608016645,0.7460550704604684,0.8454408848960595,0.11387900355871886,2.26846975088968,0.15658362989323843,3.1191459074733094,0.3701067615658363,7.372526690391459,281,0.002938838688085676,1992,48,100,platt
11,2023-08-16T06:45:00+00:00,2023-08-16T06:45:00+00:00,2023-08-17T06:40:00+00:00,common_terminal_heldout,all_gpus_before_top100,momentum_skip_retrain,7,3,7,0,"1,6,24",1.0,1.0,gpu_dynamic_pareto,wc0.50_wr0.02_a1.0,0.5,0.02,1.0,0.44588096107373215,0.06363636363636363,0.5,decision_time_minus_10min,report_pareto_formula_full_gpu_before_top100,0.007807270974781318,0.007159399617168282,0.014257136935093586,0.0048827819953290025,0.770209340465827,0.7460550704604684,0.8454408848960595,0.12455516014234876,2.4811387900355872,0.15658362989323843,3.1191459074733094,0.3701067615658363,7.372526690391459,281,0.002938838688085676,1992,48,100,platt
11,2023-08-16T06:45:00+00:00,2023-08-16T06:45:00+00:00,2023-08-17T06:40:00+00:00,common_terminal_heldout,all_gpus_before_top100,momentum_skip_retrain,7,3,7,0,"1,6,24",1.0,1.5,gpu_dynamic_pareto,wc0.50_wr0.02_a1.5,0.5,0.02,1.5,0.4331357225981508,0.03315685867248423,0.5,decision_time_minus_10min,report_pareto_formula_full_gpu_before_top100,0.00773613440089342,0.007159399617168282,0.014257136935093586,0.0048114357463242795,0.769277022195752,0.7460550704604684,0.8454408848960595,0.099644128113879,1.9849110320284697,0.15658362989323843,3.1191459074733094,0.3701067615658363,7.372526690391459,281,0.002938838688085676,1992,48,100,platt
11,2023-08-16T06:45:00+00:00,2023-08-16T06:45:00+00:00,2023-08-17T06:40:00+00:00,common_terminal_heldout,all_gpus_before_top100,momentum_skip_retrain,7,3,7,0,"1,6,24",1.0,1.0,gpu_dynamic_pareto,wc0.50_wr0.05_a1.0,0.5,0.05,1.0,0.44926340100662393,0.09090909090909091,0.5,decision_time_minus_10min,report_pareto_formula_full_gpu_before_top100,0.00781529223345463,0.007159399617168282,0.014257136935093586,0.004890826896669617,0.7704723575434593,0.7460550704604684,0.8454408848960595,0.12811387900355872,2.5520284697508897,0.15658362989323843,3.1191459074733094,0.3701067615658363,7.372526690391459,281,0.002938838688085676,1992,48,100,platt
11,2023-08-16T06:45:00+00:00,2023-08-16T06:45:00+00:00,2023-08-17T06:40:00+00:00,common_terminal_heldout,all_gpus_before_top100,momentum_skip_retrain,7,3,7,0,"1,6,24",1.0,1.5,gpu_dynamic_pareto,wc0.50_wr0.05_a1.5,0.5,0.05,1.5,0.43731473993576636,0.06233455500545397,0.5,decision_time_minus_10min,report_pareto_formula_full_gpu_before_top100,0.007780076361928806,0.007159399617168282,0.014257136935093586,0.004855507226330148,0.7698534872439889,0.7460550704604684,0.8454408848960595,0.10320284697508897,2.055800711743772,0.15658362989323843,3.1191459074733094,0.3701067615658363,7.372526690391459,281,0.002938838688085676,1992,48,100,platt
12,2023-08-17T06:45:00+00:00,2023-08-17T06:45:00+00:00,2023-08-18T00:00:00+00:00,common_terminal_heldout,all_gpus_before_top100,momentum_skip_retrain,7,3,7,0,"1,6,24",1.0,1.0,gpu_dynamic_pareto,wc0.30_wr0.02_a1.0,0.3,0.02,1.0,0.26855929779724963,0.045454545454545456,0.3,decision_time_minus_10min,report_pareto_formula_full_gpu_before_top100,0.0005075655890865615,0.0005979037164460467,0.0005619745537922043,0.0001490418662904809,0.5881701700265443,0.6641543869718058,0.5855011119879475,0.08,1.5936000000000001,0.08,1.5936000000000001,0.0,0.0,25,0.0003585771658060815,1992,35,100,platt
12,2023-08-17T06:45:00+00:00,2023-08-17T06:45:00+00:00,2023-08-18T00:00:00+00:00,common_terminal_heldout,all_gpus_before_top100,momentum_skip_retrain,7,3,7,0,"1,6,24",1.0,1.5,gpu_dynamic_pareto,wc0.30_wr0.02_a1.5,0.3,0.02,1.5,0.2611372125218967,0.0276748342256158,0.3,decision_time_minus_10min,report_pareto_formula_full_gpu_before_top100,0.000501567079677757,0.0005979037164460467,0.0005619745537922043,0.000143041205181623,0.5775318172035296,0.6641543869718058,0.5855011119879475,0.08,1.5936000000000001,0.08,1.5936000000000001,0.0,0.0,25,0.0003585771658060815,1992,35,100,platt
12,2023-08-17T06:45:00+00:00,2023-08-17T06:45:00+00:00,2023-08-18T00:00:00+00:00,common_terminal_heldout,all_gpus_before_top100,momentum_skip_retrain,7,3,7,0,"1,6,24",1.0,1.0,gpu_dynamic_pareto,wc0.30_wr0.05_a1.0,0.3,0.05,1.0,0.27192794446182994,0.07272727272727272,0.3,decision_time_minus_10min,report_pareto_formula_full_gpu_before_top100,0.0005120393161783924,0.0005979037164460467,0.0005619745537922043,0.00015351719813412037,0.5936896477509147,0.6641543869718058,0.5855011119879475,0.08,1.5936000000000001,0.08,1.5936000000000001,0.0,0.0,25,0.0003585771658060815,1992,35,100,platt
12,2023-08-17T06:45:00+00:00,2023-08-17T06:45:00+00:00,2023-08-18T00:00:00+00:00,common_terminal_heldout,all_gpus_before_top100,momentum_skip_retrain,7,3,7,0,"1,6,24",1.0,1.5,gpu_dynamic_pareto,wc0.30_wr0.05_a1.5,0.3,0.05,1.5,0.2653010826088363,0.05685253055858554,0.3,decision_time_minus_10min,report_pareto_formula_full_gpu_before_top100,0.0005040777187290145,0.0005979037164460467,0.0005619745537922043,0.00014555274481364356,0.5824974531888945,0.6641543869718058,0.5855011119879475,0.08,1.5936000000000001,0.08,1.5936000000000001,0.0,0.0,25,0.0003585771658060815,1992,35,100,platt
12,2023-08-17T06:45:00+00:00,2023-08-17T06:45:00+00:00,2023-08-18T00:00:00+00:00,common_terminal_heldout,all_gpus_before_top100,momentum_skip_retrain,7,3,7,0,"1,6,24",1.0,1.0,gpu_dynamic_pareto,wc0.50_wr0.02_a1.0,0.5,0.02,1.0,0.44610165336671365,0.06363636363636363,0.5,decision_time_minus_10min,report_pareto_formula_full_gpu_before_top100,0.0005103579138188719,0.0005979037164460467,0.0005619745537922043,0.00015183519264583902,0.5896572207475428,0.6641543869718058,0.5855011119879475,0.08,1.5936000000000001,0.08,1.5936000000000001,0.0,0.0,25,0.0003585771658060815,1992,35,100,platt
12,2023-08-17T06:45:00+00:00,2023-08-17T06:45:00+00:00,2023-08-18T00:00:00+00:00,common_terminal_heldout,all_gpus_before_top100,momentum_skip_retrain,7,3,7,0,"1,6,24",1.0,1.5,gpu_dynamic_pareto,wc0.50_wr0.02_a1.5,0.5,0.02,1.5,0.4333780786089657,0.03315685867248423,0.5,decision_time_minus_10min,report_pareto_formula_full_gpu_before_top100,0.0005022222621300914,0.0005979037164460467,0.0005619745537922043,0.00014369662265169625,0.5778704354688284,0.6641543869718058,0.5855011119879475,0.08,1.5936000000000001,0.08,1.5936000000000001,0.0,0.0,25,0.0003585771658060815,1992,35,100,platt
12,2023-08-17T06:45:00+00:00,2023-08-17T06:45:00+00:00,2023-08-18T00:00:00+00:00,common_terminal_heldout,all_gpus_before_top100,momentum_skip_retrain,7,3,7,0,"1,6,24",1.0,1.0,gpu_dynamic_pareto,wc0.50_wr0.05_a1.0,0.5,0.05,1.0,0.44947030003129407,0.09090909090909091,0.5,decision_time_minus_10min,report_pareto_formula_full_gpu_before_top100,0.0005132630718641495,0.0005979037164460467,0.0005619745537922043,0.0001547413927881269,0.5932769926106607,0.6641543869718058,0.5855011119879475,0.08,1.5936000000000001,0.08,1.5936000000000001,0.0,0.0,25,0.0003585771658060815,1992,35,100,platt
12,2023-08-17T06:45:00+00:00,2023-08-17T06:45:00+00:00,2023-08-18T00:00:00+00:00,common_terminal_heldout,all_gpus_before_top100,momentum_skip_retrain,7,3,7,0,"1,6,24",1.0,1.5,gpu_dynamic_pareto,wc0.50_wr0.05_a1.5,0.5,0.05,1.5,0.43754194869590535,0.06233455500545397,0.5,decision_time_minus_10min,report_pareto_formula_full_gpu_before_top100,0.0005037934491705769,0.0005979037164460467,0.0005619745537922043,0.0001452683732860696,0.5804680393141546,0.6641543869718058,0.5855011119879475,0.08,1.5936000000000001,0.08,1.5936000000000001,0.0,0.0,25,0.0003585771658060815,1992,35,100,platt
