selection_role,selection_stage,selection_origin_idx,selection_origin_time,candidate_train_days,candidate_half_life_days,candidate_input_hours,validation_block_count,validation_block_days,purge_hours,val_pr_auc_mean,val_pr_auc_median,val_pr_auc_q25,val_pr_auc_std,val_pr_auc_min,val_roc_auc_mean,candidate_count,selection_origin_count,family_validation_pr_auc,input_validation_pr_auc,selected_family_weights,selected_input_weights,candidate_cascade_alpha,validation_scope,validation_samples,candidate_b2_train_days,candidate_b2_half_life_days,candidate_L_obs_hours,pool_origin_count,pool_validation_block_count,candidate_pareto_alpha,selected_lambda,paired_validation_block_count,selected_train_days,selected_half_life_days,selected_input_hours,validation_origin_count,adst_action,selected_cascade_alpha,selected_cascade_validation_pr_auc,selected_b2_train_days,selected_b2_half_life_days,fusion_validation_pr_auc,fusion_validation_roc_auc,prediction_population
branch1_proxy,development,18144.0,2023-07-18T09:40:00+00:00,7.0,3.0,all_1_6_24,3.0,3.0,36.0,0.14174213691903273,0.12614821105185883,0.11261241669071126,0.04265238977851938,0.09907662232956368,0.6577558439528027,,,,,,,,,,,,,,,,,,,,,,,,,,,,,
branch1_proxy,development,18144.0,2023-07-18T09:40:00+00:00,7.0,7.0,all_1_6_24,3.0,3.0,36.0,0.14180007523490265,0.12313552063658145,0.11293098947868829,0.04166857163659751,0.10272645832079513,0.659974416013171,,,,,,,,,,,,,,,,,,,,,,,,,,,,,
branch1_proxy,development,18144.0,2023-07-18T09:40:00+00:00,7.0,14.0,all_1_6_24,3.0,3.0,36.0,0.14114762834463254,0.12224452902661842,0.11329337477613498,0.04006412766212378,0.10434222052565154,0.6606361019674555,,,,,,,,,,,,,,,,,,,,,,,,,,,,,
branch1_proxy,development,18144.0,2023-07-18T09:40:00+00:00,14.0,3.0,all_1_6_24,3.0,3.0,36.0,0.13407733008910908,0.12784430941071728,0.11464274050972194,0.029522773557661086,0.1014411716087266,0.6531747040074642,,,,,,,,,,,,,,,,,,,,,,,,,,,,,
branch1_proxy,development,18144.0,2023-07-18T09:40:00+00:00,14.0,7.0,all_1_6_24,3.0,3.0,36.0,0.12562849221678227,0.12133337576500808,0.11294677101597363,0.019197452905036577,0.10456016626693918,0.6325331232307003,,,,,,,,,,,,,,,,,,,,,,,,,,,,,
branch1_proxy,development,18144.0,2023-07-18T09:40:00+00:00,14.0,14.0,all_1_6_24,3.0,3.0,36.0,0.12255239684898141,0.11832401397714071,0.11172618770232377,0.016230664907599765,0.10512836142750684,0.6220263657841486,,,,,,,,,,,,,,,,,,,,,,,,,,,,,
branch1_proxy,development,18144.0,2023-07-18T09:40:00+00:00,21.0,3.0,all_1_6_24,3.0,3.0,36.0,0.12737480824515476,0.11993827364487604,0.1084963221793642,0.02828556712940217,0.09705437071385237,0.6363492452520743,,,,,,,,,,,,,,,,,,,,,,,,,,,,,
branch1_proxy,development,18144.0,2023-07-18T09:40:00+00:00,21.0,7.0,all_1_6_24,3.0,3.0,36.0,0.11143210243468926,0.0964799190882186,0.0942032783209224,0.024436042153789396,0.0919266375536262,0.5828790256346051,,,,,,,,,,,,,,,,,,,,,,,,,,,,,
branch1_proxy,development,18144.0,2023-07-18T09:40:00+00:00,21.0,14.0,all_1_6_24,3.0,3.0,36.0,0.10553822016929225,0.08933812815329407,0.08889405607863979,0.023541195025418484,0.08844998400398549,0.5619951237696933,,,,,,,,,,,,,,,,,,,,,,,,,,,,,
branch1_proxy,development,18432.0,2023-07-19T09:40:00+00:00,7.0,3.0,all_1_6_24,3.0,3.0,36.0,0.15676481560643,0.1754643711680009,0.1393767118312332,0.03837844547049497,0.1032890524944655,0.6842736719424858,,,,,,,,,,,,,,,,,,,,,,,,,,,,,
branch1_proxy,development,18432.0,2023-07-19T09:40:00+00:00,7.0,7.0,all_1_6_24,3.0,3.0,36.0,0.15585057877434058,0.16998029802795012,0.1342929221934712,0.042172553995281914,0.09860554635899228,0.6734997255236467,,,,,,,,,,,,,,,,,,,,,,,,,,,,,
branch1_proxy,development,18432.0,2023-07-19T09:40:00+00:00,7.0,14.0,all_1_6_24,3.0,3.0,36.0,0.15539871665946947,0.16733715462309878,0.13254516249317622,0.04302973801503399,0.09775317036325368,0.6704337913520654,,,,,,,,,,,,,,,,,,,,,,,,,,,,,
branch1_proxy,development,18432.0,2023-07-19T09:40:00+00:00,14.0,3.0,all_1_6_24,3.0,3.0,36.0,0.15261848346856524,0.16565862380118154,0.13561429084802318,0.03435199792956959,0.10556995789486479,0.6845117962252029,,,,,,,,,,,,,,,,,,,,,,,,,,,,,
branch1_proxy,development,18432.0,2023-07-19T09:40:00+00:00,14.0,7.0,all_1_6_24,3.0,3.0,36.0,0.14215288827291006,0.15197365509625724,0.12670138093446895,0.030054784182647634,0.10142910677268066,0.6636912461232525,,,,,,,,,,,,,,,,,,,,,,,,,,,,,
branch1_proxy,development,18432.0,2023-07-19T09:40:00+00:00,14.0,14.0,all_1_6_24,3.0,3.0,36.0,0.1360446949804192,0.14412405007184093,0.12211212912717215,0.026669256175598472,0.10010020818250338,0.6497794270485245,,,,,,,,,,,,,,,,,,,,,,,,,,,,,
branch1_proxy,development,18432.0,2023-07-19T09:40:00+00:00,21.0,3.0,all_1_6_24,3.0,3.0,36.0,0.14651366718353007,0.16074492149532138,0.12975260597825272,0.03467297832886289,0.09876029046118408,0.6720851052753386,,,,,,,,,,,,,,,,,,,,,,,,,,,,,
branch1_proxy,development,18432.0,2023-07-19T09:40:00+00:00,21.0,7.0,all_1_6_24,3.0,3.0,36.0,0.1247872543182198,0.1292287102335277,0.10713623157424727,0.03079776425906558,0.08504375291496685,0.6197471879326929,,,,,,,,,,,,,,,,,,,,,,,,,,,,,
branch1_proxy,development,18432.0,2023-07-19T09:40:00+00:00,21.0,14.0,all_1_6_24,3.0,3.0,36.0,0.11103458811065797,0.10351535275904056,0.09197449152253456,0.028554664813605822,0.08043363028602857,0.5786606835710109,,,,,,,,,,,,,,,,,,,,,,,,,,,,,
branch1_proxy,development,18720.0,2023-07-20T09:40:00+00:00,7.0,3.0,all_1_6_24,3.0,3.0,36.0,0.19683200195817632,0.13955513204948858,0.1341316495224636,0.08878219321991965,0.12870816699543858,0.7126495855804608,,,,,,,,,,,,,,,,,,,,,,,,,,,,,
branch1_proxy,development,18720.0,2023-07-20T09:40:00+00:00,7.0,7.0,all_1_6_24,3.0,3.0,36.0,0.194503264740809,0.1453699541417122,0.13932541312938249,0.07818918254851519,0.13328087211705278,0.7176592147164582,,,,,,,,,,,,,,,,,,,,,,,,,,,,,
branch1_proxy,development,18720.0,2023-07-20T09:40:00+00:00,7.0,14.0,all_1_6_24,3.0,3.0,36.0,0.1929708114785029,0.1469419486297897,0.1409851030633691,0.07367960209525262,0.13502825749694844,0.718381178621874,,,,,,,,,,,,,,,,,,,,,,,,,,,,,
branch1_proxy,development,18720.0,2023-07-20T09:40:00+00:00,14.0,3.0,all_1_6_24,3.0,3.0,36.0,0.1893603209573843,0.12962339474418078,0.12722795673301418,0.08789019731306674,0.12483251872184761,0.695612690081338,,,,,,,,,,,,,,,,,,,,,,,,,,,,,
branch1_proxy,development,18720.0,2023-07-20T09:40:00+00:00,14.0,7.0,all_1_6_24,3.0,3.0,36.0,0.17400203904083503,0.12844902513136125,0.12480425241809798,0.06963979223528476,0.12115947970483472,0.6820618228166694,,,,,,,,,,,,,,,,,,,,,,,,,,,,,
branch1_proxy,development,18720.0,2023-07-20T09:40:00+00:00,14.0,14.0,all_1_6_24,3.0,3.0,36.0,0.1664802934391458,0.12902726681885548,0.12313503858296904,0.061487948462683954,0.1172428103470826,0.6749359285668386,,,,,,,,,,,,,,,,,,,,,,,,,,,,,
branch1_proxy,development,18720.0,2023-07-20T09:40:00+00:00,21.0,3.0,all_1_6_24,3.0,3.0,36.0,0.18142810020658443,0.12266458047258229,0.11753711435151042,0.09045243733374482,0.11240964823043854,0.6766160452149713,,,,,,,,,,,,,,,,,,,,,,,,,,,,,
branch1_proxy,development,18720.0,2023-07-20T09:40:00+00:00,21.0,7.0,all_1_6_24,3.0,3.0,36.0,0.14879276560014565,0.11333910126573418,0.10267248899801935,0.0658028183734794,0.09200587673030453,0.625692520073153,,,,,,,,,,,,,,,,,,,,,,,,,,,,,
branch1_proxy,development,18720.0,2023-07-20T09:40:00+00:00,21.0,14.0,all_1_6_24,3.0,3.0,36.0,0.13004164491080303,0.10745990560839763,0.0970337501769164,0.0474501005363981,0.08660759474543517,0.5955904363709784,,,,,,,,,,,,,,,,,,,,,,,,,,,,,
branch1_proxy,development,19008.0,2023-07-21T09:40:00+00:00,7.0,3.0,all_1_6_24,3.0,3.0,36.0,0.19029672551088883,0.12604043786461497,0.11241311461524431,0.11070463548673204,0.09878579136587366,0.6906646759240423,,,,,,,,,,,,,,,,,,,,,,,,,,,,,
branch1_proxy,development,19008.0,2023-07-21T09:40:00+00:00,7.0,7.0,all_1_6_24,3.0,3.0,36.0,0.1861041877311637,0.1227300272037266,0.11245432081859981,0.10449401523669015,0.10217861443347302,0.6914430017396539,,,,,,,,,,,,,,,,,,,,,,,,,,,,,
branch1_proxy,development,19008.0,2023-07-21T09:40:00+00:00,7.0,14.0,all_1_6_24,3.0,3.0,36.0,0.18504655711174336,0.12197808517876606,0.11296424623284462,0.10220511375813389,0.10395040728692317,0.6920057323098806,,,,,,,,,,,,,,,,,,,,,,,,,,,,,
branch1_proxy,development,19008.0,2023-07-21T09:40:00+00:00,14.0,3.0,all_1_6_24,3.0,3.0,36.0,0.18374527334269833,0.12963427227827873,0.1154920682366378,0.09721283165270349,0.10134986419499688,0.686031059987925,,,,,,,,,,,,,,,,,,,,,,,,,,,,,
branch1_proxy,development,19008.0,2023-07-21T09:40:00+00:00,14.0,7.0,all_1_6_24,3.0,3.0,36.0,0.1688696489603977,0.12306804547040961,0.11375141323723287,0.07831925843993229,0.10443478100405611,0.6660199235320662,,,,,,,,,,,,,,,,,,,,,,,,,,,,,
branch1_proxy,development,19008.0,2023-07-21T09:40:00+00:00,14.0,14.0,all_1_6_24,3.0,3.0,36.0,0.16210796154571808,0.11995134515431895,0.11241867603270422,0.07053990071100259,0.1048860069110895,0.6564572780595752,,,,,,,,,,,,,,,,,,,,,,,,,,,,,
branch1_proxy,development,19008.0,2023-07-21T09:40:00+00:00,21.0,3.0,all_1_6_24,3.0,3.0,36.0,0.17858189997573934,0.11934953501663587,0.10808882836350525,0.1001153433139681,0.09682812171037464,0.6715262848316961,,,,,,,,,,,,,,,,,,,,,,,,,,,,,
branch1_proxy,development,19008.0,2023-07-21T09:40:00+00:00,21.0,7.0,all_1_6_24,3.0,3.0,36.0,0.14995639762301385,0.0956721600106401,0.09364760068198362,0.07964981975001068,0.09162304135332713,0.6093722754744255,,,,,,,,,,,,,,,,,,,,,,,,,,,,,
branch1_proxy,development,19008.0,2023-07-21T09:40:00+00:00,21.0,14.0,all_1_6_24,3.0,3.0,36.0,0.13622034845430317,0.08894873967163051,0.08851792518461205,0.06746233101281801,0.08808711069759356,0.583958903430531,,,,,,,,,,,,,,,,,,,,,,,,,,,,,
branch1_proxy,development,19296.0,2023-07-22T09:40:00+00:00,7.0,3.0,all_1_6_24,3.0,3.0,36.0,0.22605615982375116,0.17613740847731718,0.14000965385693237,0.12521240146568038,0.10388189923654756,0.7346027079898487,,,,,,,,,,,,,,,,,,,,,,,,,,,,,
branch1_proxy,development,19296.0,2023-07-22T09:40:00+00:00,7.0,7.0,all_1_6_24,3.0,3.0,36.0,0.22335328724245415,0.17056152783839287,0.13492661097555153,0.12839438857586782,0.09929169411271017,0.7253554930624159,,,,,,,,,,,,,,,,,,,,,,,,,,,,,
branch1_proxy,development,19296.0,2023-07-22T09:40:00+00:00,7.0,14.0,all_1_6_24,3.0,3.0,36.0,0.22066304839809192,0.16784031399691923,0.13318398455081829,0.12690894637616593,0.09852765510471732,0.7194584408735687,,,,,,,,,,,,,,,,,,,,,,,,,,,,,
branch1_proxy,development,19296.0,2023-07-22T09:40:00+00:00,14.0,3.0,all_1_6_24,3.0,3.0,36.0,0.21215979749309724,0.16560250677712712,0.13575026721889671,0.11077426041824548,0.1058980276606663,0.7278459707512303,,,,,,,,,,,,,,,,,,,,,,,,,,,,,
branch1_proxy,development,19296.0,2023-07-22T09:40:00+00:00,14.0,7.0,all_1_6_24,3.0,3.0,36.0,0.19190075757533484,0.1528980058329165,0.12712554165474266,0.09399186384112637,0.10135307747656883,0.7039226968416261,,,,,,,,,,,,,,,,,,,,,,,,,,,,,
branch1_proxy,development,19296.0,2023-07-22T09:40:00+00:00,14.0,14.0,all_1_6_24,3.0,3.0,36.0,0.1825116795947622,0.14513828357171576,0.12257985571284388,0.0867346651533812,0.100021427853972,0.6934175380824001,,,,,,,,,,,,,,,,,,,,,,,,,,,,,
branch1_proxy,development,19296.0,2023-07-22T09:40:00+00:00,21.0,3.0,all_1_6_24,3.0,3.0,36.0,0.21012470163925867,0.16227125834551823,0.1305305647068172,0.11550801280928984,0.09878987106811618,0.7208747984114249,,,,,,,,,,,,,,,,,,,,,,,,,,,,,
branch1_proxy,development,19296.0,2023-07-22T09:40:00+00:00,21.0,7.0,all_1_6_24,3.0,3.0,36.0,0.17545381416532566,0.13052258754749263,0.107625984561975,0.09772784602960721,0.08472938157645739,0.6630569220788215,,,,,,,,,,,,,,,,,,,,,,,,,,,,,
branch1_proxy,development,19296.0,2023-07-22T09:40:00+00:00,21.0,14.0,all_1_6_24,3.0,3.0,36.0,0.15663520005900103,0.104538631585124,0.0922973569422991,0.09153477654461581,0.0800560822994742,0.6216427137829627,,,,,,,,,,,,,,,,,,,,,,,,,,,,,
branch1_proxy,development,19584.0,2023-07-23T09:40:00+00:00,7.0,3.0,all_1_6_24,3.0,3.0,36.0,0.23452695230422002,0.23125794578625275,0.186307763619409,0.07744154504784732,0.14135758145256527,0.7582113917944419,,,,,,,,,,,,,,,,,,,,,,,,,,,,,
branch1_proxy,development,19584.0,2023-07-23T09:40:00+00:00,7.0,7.0,all_1_6_24,3.0,3.0,36.0,0.2310985759158625,0.2356066536322294,0.19066007424018405,0.06795102281480378,0.14571349484813872,0.7588576646121766,,,,,,,,,,,,,,,,,,,,,,,,,,,,,
branch1_proxy,development,19584.0,2023-07-23T09:40:00+00:00,7.0,14.0,all_1_6_24,3.0,3.0,36.0,0.22892523929488107,0.2355193349327198,0.19125534663689758,0.06437578788356527,0.14699135834107538,0.7583199686154686,,,,,,,,,,,,,,,,,,,,,,,,,,,,,
branch1_proxy,development,19584.0,2023-07-23T09:40:00+00:00,14.0,3.0,all_1_6_24,3.0,3.0,36.0,0.218848707658686,0.20928446544194312,0.16888596737340766,0.07797805202592155,0.1284874693048722,0.7408718461930567,,,,,,,,,,,,,,,,,,,,,,,,,,,,,
branch1_proxy,development,19584.0,2023-07-23T09:40:00+00:00,14.0,7.0,all_1_6_24,3.0,3.0,36.0,0.19466960465958194,0.18155489848936948,0.15407252698417606,0.06164224141986988,0.12659015547898264,0.712845778798735,,,,,,,,,,,,,,,,,,,,,,,,,,,,,
branch1_proxy,development,19584.0,2023-07-23T09:40:00+00:00,14.0,14.0,all_1_6_24,3.0,3.0,36.0,0.18373725059964294,0.16902723200407643,0.1478274921290096,0.0536529665599717,0.1266277522539428,0.6961687875609127,,,,,,,,,,,,,,,,,,,,,,,,,,,,,
branch1_proxy,development,19584.0,2023-07-23T09:40:00+00:00,21.0,3.0,all_1_6_24,3.0,3.0,36.0,0.21057815943860483,0.20795541831709047,0.16015728516663263,0.08128737179381541,0.11235915201617483,0.7173277190767459,,,,,,,,,,,,,,,,,,,,,,,,,,,,,
branch1_proxy,development,19584.0,2023-07-23T09:40:00+00:00,21.0,7.0,all_1_6_24,3.0,3.0,36.0,0.1719742868195716,0.18241729394498335,0.13704635611754298,0.0617435720201901,0.09167541829010262,0.6523446974047736,,,,,,,,,,,,,,,,,,,,,,,,,,,,,
branch1_proxy,development,19584.0,2023-07-23T09:40:00+00:00,21.0,14.0,all_1_6_24,3.0,3.0,36.0,0.15129412054445354,0.17204635582749994,0.1291184021908337,0.04703258910534962,0.08619044855416749,0.6252310002434287,,,,,,,,,,,,,,,,,,,,,,,,,,,,,
branch1_proxy,development,19872.0,2023-07-24T09:40:00+00:00,7.0,3.0,all_1_6_24,3.0,3.0,36.0,0.24964286765327323,0.27411389468016456,0.19951862731087938,0.09345862658096837,0.1249233599415942,0.7573363622516603,,,,,,,,,,,,,,,,,,,,,,,,,,,,,
branch1_proxy,development,19872.0,2023-07-24T09:40:00+00:00,7.0,7.0,all_1_6_24,3.0,3.0,36.0,0.2385688788163264,0.2575500953798714,0.1897564556399028,0.08848327735889015,0.1219628158999342,0.7547179563495723,,,,,,,,,,,,,,,,,,,,,,,,,,,,,
branch1_proxy,development,19872.0,2023-07-24T09:40:00+00:00,7.0,14.0,all_1_6_24,3.0,3.0,36.0,0.23422358927557507,0.24944791576888042,0.185380963167824,0.08664633399011838,0.12131401056676755,0.7529881629022276,,,,,,,,,,,,,,,,,,,,,,,,,,,,,
branch1_proxy,development,19872.0,2023-07-24T09:40:00+00:00,14.0,3.0,all_1_6_24,3.0,3.0,36.0,0.2791192824842099,0.3199899369484753,0.22413845207947944,0.11032129527754389,0.1282869672104836,0.7473829341466337,,,,,,,,,,,,,,,,,,,,,,,,,,,,,
branch1_proxy,development,19872.0,2023-07-24T09:40:00+00:00,14.0,7.0,all_1_6_24,3.0,3.0,36.0,0.2642021198638724,0.2789801754767528,0.20043774840800208,0.11065441112260778,0.12189532133925136,0.7239412342051214,,,,,,,,,,,,,,,,,,,,,,,,,,,,,
branch1_proxy,development,19872.0,2023-07-24T09:40:00+00:00,14.0,14.0,all_1_6_24,3.0,3.0,36.0,0.2560091741588264,0.2613384552743629,0.19007742956684492,0.10990638022036264,0.11881640385932693,0.7128205763531485,,,,,,,,,,,,,,,,,,,,,,,,,,,,,
branch1_proxy,development,19872.0,2023-07-24T09:40:00+00:00,21.0,3.0,all_1_6_24,3.0,3.0,36.0,0.2766875665751141,0.3160824481708838,0.21870641606081262,0.11421480661276773,0.12133038395074142,0.741934990565602,,,,,,,,,,,,,,,,,,,,,,,,,,,,,
branch1_proxy,development,19872.0,2023-07-24T09:40:00+00:00,21.0,7.0,all_1_6_24,3.0,3.0,36.0,0.24870167171117152,0.25901727745447367,0.17845467324360337,0.11914768308936297,0.09789206903273306,0.686387313611589,,,,,,,,,,,,,,,,,,,,,,,,,,,,,
branch1_proxy,development,19872.0,2023-07-24T09:40:00+00:00,21.0,14.0,all_1_6_24,3.0,3.0,36.0,0.23429690505265235,0.2289900953929579,0.1599349278720889,0.1193251220041089,0.09087976035121992,0.6644150412717517,,,,,,,,,,,,,,,,,,,,,,,,,,,,,
branch1_proxy,development,20160.0,2023-07-25T09:40:00+00:00,7.0,3.0,all_1_6_24,3.0,3.0,36.0,0.3318915913850227,0.3881463321087553,0.28126621225219955,0.1128779490056346,0.17438609239564382,0.7882610094118375,,,,,,,,,,,,,,,,,,,,,,,,,,,,,
branch1_proxy,development,20160.0,2023-07-25T09:40:00+00:00,7.0,7.0,all_1_6_24,3.0,3.0,36.0,0.318346410647522,0.38778863181759854,0.27829589312950587,0.10583254598909761,0.16880315444141322,0.7856196296097036,,,,,,,,,,,,,,,,,,,,,,,,,,,,,
branch1_proxy,development,20160.0,2023-07-25T09:40:00+00:00,7.0,14.0,all_1_6_24,3.0,3.0,36.0,0.3093256201556189,0.37571600899240654,0.27089266518127864,0.10138773591818992,0.16606932137015068,0.7840460999893524,,,,,,,,,,,,,,,,,,,,,,,,,,,,,
branch1_proxy,development,20160.0,2023-07-25T09:40:00+00:00,14.0,3.0,all_1_6_24,3.0,3.0,36.0,0.32198341357870436,0.3575817536061912,0.2600912901438501,0.1183111583802863,0.16260082668150894,0.7805600689722145,,,,,,,,,,,,,,,,,,,,,,,,,,,,,
branch1_proxy,development,20160.0,2023-07-25T09:40:00+00:00,14.0,7.0,all_1_6_24,3.0,3.0,36.0,0.30365341404780305,0.3168382461060114,0.23319348443453802,0.1208035628569411,0.14954872276306463,0.765113611022712,,,,,,,,,,,,,,,,,,,,,,,,,,,,,
branch1_proxy,development,20160.0,2023-07-25T09:40:00+00:00,14.0,14.0,all_1_6_24,3.0,3.0,36.0,0.29426217164763807,0.29798931542820106,0.22012408152069693,0.12261692073141636,0.1422588476131928,0.7515489321837302,,,,,,,,,,,,,,,,,,,,,,,,,,,,,
branch1_proxy,development,20160.0,2023-07-25T09:40:00+00:00,21.0,3.0,all_1_6_24,3.0,3.0,36.0,0.3215102297736397,0.357525091348068,0.2583498304977168,0.1205637880261377,0.15917456964736565,0.7800575411729818,,,,,,,,,,,,,,,,,,,,,,,,,,,,,
branch1_proxy,development,20160.0,2023-07-25T09:40:00+00:00,21.0,7.0,all_1_6_24,3.0,3.0,36.0,0.2958734742375141,0.3079894410158716,0.21839904324459714,0.13174040571225396,0.12880864547332269,0.7421882187593837,,,,,,,,,,,,,,,,,,,,,,,,,,,,,
branch1_proxy,development,20160.0,2023-07-25T09:40:00+00:00,21.0,14.0,all_1_6_24,3.0,3.0,36.0,0.2791854504972817,0.28580262319242533,0.19458925381348774,0.14092415982494028,0.10337588443455015,0.7088620923579619,,,,,,,,,,,,,,,,,,,,,,,,,,,,,
branch1_proxy,development,20448.0,2023-07-26T09:40:00+00:00,7.0,3.0,all_1_6_24,3.0,3.0,36.0,0.3302197315536805,0.3302197315536805,0.3302197315536805,0.0,0.3302197315536805,,1.0,,,,,,,,,,,,,,,,,,,,,,,,,,,,
branch1_proxy,development,20736.0,2023-07-27T09:40:00+00:00,7.0,3.0,all_1_6_24,3.0,3.0,36.0,0.35225536431948695,0.35225536431948695,0.35225536431948695,0.0,0.35225536431948695,,1.0,,,,,,,,,,,,,,,,,,,,,,,,,,,,
branch1_proxy,development,21024.0,2023-07-28T09:40:00+00:00,7.0,3.0,all_1_6_24,3.0,3.0,36.0,0.39067293778555473,0.39067293778555473,0.39067293778555473,0.0,0.39067293778555473,,1.0,,,,,,,,,,,,,,,,,,,,,,,,,,,,
branch1_proxy,development,21312.0,2023-07-29T09:40:00+00:00,7.0,3.0,all_1_6_24,3.0,3.0,36.0,0.1949909665766827,0.19625395440857007,0.17918582559327656,0.02634044375444327,0.16211769677798307,0.6365460817152014,,,,,,,,,,,,,,,,,,,,,,,,,,,,,
branch1_proxy,development,21312.0,2023-07-29T09:40:00+00:00,7.0,7.0,all_1_6_24,3.0,3.0,36.0,0.19197395160206351,0.18690450549262191,0.17336483532338584,0.02854493877276951,0.15982516515414977,0.6312692953198676,,,,,,,,,,,,,,,,,,,,,,,,,,,,,
branch1_proxy,development,21312.0,2023-07-29T09:40:00+00:00,7.0,14.0,all_1_6_24,3.0,3.0,36.0,0.19023629586226373,0.18303029775379373,0.17097020347729291,0.02897116752125322,0.15891010920079213,0.6274703113547228,,,,,,,,,,,,,,,,,,,,,,,,,,,,,
branch1_proxy,development,21312.0,2023-07-29T09:40:00+00:00,14.0,3.0,all_1_6_24,3.0,3.0,36.0,0.18725978244970634,0.19480515665519635,0.17793644756506322,0.0190670233034446,0.1610677384749301,0.6399490729156526,,,,,,,,,,,,,,,,,,,,,,,,,,,,,
branch1_proxy,development,21312.0,2023-07-29T09:40:00+00:00,14.0,7.0,all_1_6_24,3.0,3.0,36.0,0.17651827601470968,0.17920446023095063,0.172131746766228,0.008475383660831073,0.1650590333015054,0.6170409926017416,,,,,,,,,,,,,,,,,,,,,,,,,,,,,
branch1_proxy,development,21312.0,2023-07-29T09:40:00+00:00,14.0,14.0,all_1_6_24,3.0,3.0,36.0,0.1717152007072654,0.16713216003277515,0.16710672801220128,0.006517397667327293,0.1670812959916274,0.6006956120416989,,,,,,,,,,,,,,,,,,,,,,,,,,,,,
branch1_proxy,development,21312.0,2023-07-29T09:40:00+00:00,21.0,3.0,all_1_6_24,3.0,3.0,36.0,0.1877614194785161,0.19507634925186249,0.17845953341136905,0.01889786269917716,0.1618427175708756,0.636618095090801,,,,,,,,,,,,,,,,,,,,,,,,,,,,,
branch1_proxy,development,21312.0,2023-07-29T09:40:00+00:00,21.0,7.0,all_1_6_24,3.0,3.0,36.0,0.17667645326534287,0.18258298794386602,0.17360271580738618,0.008524039477719255,0.1646224436709063,0.6005246400360839,,,,,,,,,,,,,,,,,,,,,,,,,,,,,
branch1_proxy,development,21312.0,2023-07-29T09:40:00+00:00,21.0,14.0,all_1_6_24,3.0,3.0,36.0,0.1670866647994128,0.1674598585583152,0.16511596103178627,0.003380816038974479,0.16277206350525739,0.58328621299435,,,,,,,,,,,,,,,,,,,,,,,,,,,,,
branch1_proxy,development,21600.0,2023-07-30T09:40:00+00:00,7.0,3.0,all_1_6_24,3.0,3.0,36.0,0.2698783565623699,0.2698783565623699,0.2698783565623699,0.0,0.2698783565623699,,1.0,,,,,,,,,,,,,,,,,,,,,,,,,,,,
branch1_proxy,development,21888.0,2023-07-31T09:40:00+00:00,7.0,3.0,all_1_6_24,3.0,3.0,36.0,0.4302858937327688,0.4302858937327688,0.4302858937327688,0.0,0.4302858937327688,,1.0,,,,,,,,,,,,,,,,,,,,,,,,,,,,
branch1_proxy,development,22176.0,2023-08-01T09:40:00+00:00,7.0,3.0,all_1_6_24,3.0,3.0,36.0,0.146330573455317,0.16101573596132615,0.1218212470383846,0.04717576500821732,0.08262675811544302,0.5493181163999871,,,,,,,,,,,,,,,,,,,,,,,,,,,,,
branch1_proxy,development,22176.0,2023-08-01T09:40:00+00:00,7.0,7.0,all_1_6_24,3.0,3.0,36.0,0.1429719362099672,0.15944922999080935,0.12152312428113221,0.04334777267463083,0.08359701857145507,0.5469027144726989,,,,,,,,,,,,,,,,,,,,,,,,,,,,,
branch1_proxy,development,22176.0,2023-08-01T09:40:00+00:00,7.0,14.0,all_1_6_24,3.0,3.0,36.0,0.14154996931900232,0.1586873315419681,0.12131214047866136,0.041837893952185595,0.08393694941535462,0.5457239104044976,,,,,,,,,,,,,,,,,,,,,,,,,,,,,
branch1_proxy,development,22176.0,2023-08-01T09:40:00+00:00,14.0,3.0,all_1_6_24,3.0,3.0,36.0,0.14540014352262312,0.15972905702877258,0.12179975052654912,0.04553070715057422,0.08387044402432567,0.5531033655256875,,,,,,,,,,,,,,,,,,,,,,,,,,,,,
branch1_proxy,development,22176.0,2023-08-01T09:40:00+00:00,14.0,7.0,all_1_6_24,3.0,3.0,36.0,0.14429673510685304,0.16423234813070986,0.12481638008076841,0.04236406679518943,0.08540041203082696,0.544860345364489,,,,,,,,,,,,,,,,,,,,,,,,,,,,,
branch1_proxy,development,22176.0,2023-08-01T09:40:00+00:00,14.0,14.0,all_1_6_24,3.0,3.0,36.0,0.143954965206923,0.16706304192396165,0.12625563310472565,0.0416736822237719,0.08544822428548962,0.5390987248477329,,,,,,,,,,,,,,,,,,,,,,,,,,,,,
branch1_proxy,development,22176.0,2023-08-01T09:40:00+00:00,21.0,3.0,all_1_6_24,3.0,3.0,36.0,0.14633453900865087,0.1611474005764948,0.12228676773490466,0.04651189593033962,0.08342613489331452,0.5496582251448537,,,,,,,,,,,,,,,,,,,,,,,,,,,,,
branch1_proxy,development,22176.0,2023-08-01T09:40:00+00:00,21.0,7.0,all_1_6_24,3.0,3.0,36.0,0.14535432726576944,0.16469514917766748,0.12550349989951531,0.0425687789701651,0.08631185062136312,0.5284732412680248,,,,,,,,,,,,,,,,,,,,,,,,,,,,,
branch1_proxy,development,22176.0,2023-08-01T09:40:00+00:00,21.0,14.0,all_1_6_24,3.0,3.0,36.0,0.1401041846815078,0.16236289473391818,0.12527703573559293,0.036831996735055376,0.08819117673726767,0.5191420707663635,,,,,,,,,,,,,,,,,,,,,,,,,,,,,
branch1_proxy,development,22464.0,2023-08-02T09:40:00+00:00,7.0,3.0,all_1_6_24,3.0,3.0,36.0,0.12475178381470313,0.1299382672158459,0.10147135177965855,0.0403013715371742,0.07300443634347119,0.5314684105188731,,,,,,,,,,,,,,,,,,,,,,,,,,,,,
branch1_proxy,development,22464.0,2023-08-02T09:40:00+00:00,7.0,7.0,all_1_6_24,3.0,3.0,36.0,0.12331239684609345,0.1264346607046613,0.10053206591609119,0.03853807510001946,0.07462947112752108,0.5340016303144658,,,,,,,,,,,,,,,,,,,,,,,,,,,,,
branch1_proxy,development,22464.0,2023-08-02T09:40:00+00:00,7.0,14.0,all_1_6_24,3.0,3.0,36.0,0.12269156022435641,0.1247752838879554,0.10001582348001456,0.037908644488106547,0.07525636307207373,0.5344298091542939,,,,,,,,,,,,,,,,,,,,,,,,,,,,,
branch1_proxy,development,22464.0,2023-08-02T09:40:00+00:00,14.0,3.0,all_1_6_24,3.0,3.0,36.0,0.1261108519026468,0.12751135527319718,0.10091434208548748,0.04172923380881255,0.07431732889777778,0.5319038435492497,,,,,,,,,,,,,,,,,,,,,,,,,,,,,
branch1_proxy,development,22464.0,2023-08-02T09:40:00+00:00,14.0,7.0,all_1_6_24,3.0,3.0,36.0,0.12356534662369738,0.11974970994300346,0.09794536398645443,0.04036979096296939,0.07614101802990537,0.5256685350393718,,,,,,,,,,,,,,,,,,,,,,,,,,,,,
branch1_proxy,development,22464.0,2023-08-02T09:40:00+00:00,14.0,14.0,all_1_6_24,3.0,3.0,36.0,0.1230552710873159,0.11672817550100431,0.09675663891763575,0.040609657599223324,0.07678510233426719,0.5236697661639239,,,,,,,,,,,,,,,,,,,,,,,,,,,,,
branch1_proxy,development,22464.0,2023-08-02T09:40:00+00:00,21.0,3.0,all_1_6_24,3.0,3.0,36.0,0.12762517762898548,0.12600427113536103,0.10000518588519637,0.0444563026324822,0.07400610063503171,0.5278538559897116,,,,,,,,,,,,,,,,,,,,,,,,,,,,,
branch1_proxy,development,22464.0,2023-08-02T09:40:00+00:00,21.0,7.0,all_1_6_24,3.0,3.0,36.0,0.12609365518699475,0.12396821064285166,0.09938800877350495,0.0427688436054788,0.07480780690415827,0.5117326949050919,,,,,,,,,,,,,,,,,,,,,,,,,,,,,
branch1_proxy,development,22464.0,2023-08-02T09:40:00+00:00,21.0,14.0,all_1_6_24,3.0,3.0,36.0,0.12041408251473085,0.11628150278162974,0.09562830687718998,0.03889780219096112,0.07497511097275023,0.5002194393418905,,,,,,,,,,,,,,,,,,,,,,,,,,,,,
branch1_proxy,development,22752.0,2023-08-03T09:40:00+00:00,7.0,3.0,all_1_6_24,3.0,3.0,36.0,0.1314872042979703,0.1184831173457602,0.0983829169232696,0.04960980806779104,0.078282716500779,0.5242312441663054,,,,,,,,,,,,,,,,,,,,,,,,,,,,,
branch1_proxy,development,22752.0,2023-08-03T09:40:00+00:00,7.0,7.0,all_1_6_24,3.0,3.0,36.0,0.12848357771927774,0.1162191442624153,0.09784161665280858,0.045858644078217055,0.07946408904320187,0.5195907386049871,,,,,,,,,,,,,,,,,,,,,,,,,,,,,
branch1_proxy,development,22752.0,2023-08-03T09:40:00+00:00,7.0,14.0,all_1_6_24,3.0,3.0,36.0,0.12739710281220204,0.1153103559987891,0.09768558027965143,0.04441438530293754,0.08006080456051376,0.5180270930066065,,,,,,,,,,,,,,,,,,,,,,,,,,,,,
branch1_proxy,development,22752.0,2023-08-03T09:40:00+00:00,14.0,3.0,all_1_6_24,3.0,3.0,36.0,0.132554204328296,0.12012173996402489,0.10045260562930652,0.048155392654544854,0.08078347129458816,0.5254906798748239,,,,,,,,,,,,,,,,,,,,,,,,,,,,,
branch1_proxy,development,22752.0,2023-08-03T09:40:00+00:00,14.0,7.0,all_1_6_24,3.0,3.0,36.0,0.1300195335514207,0.11827344996516634,0.10186912254207142,0.042003483015816544,0.08546479511897652,0.5231062393259694,,,,,,,,,,,,,,,,,,,,,,,,,,,,,
branch1_proxy,development,22752.0,2023-08-03T09:40:00+00:00,14.0,14.0,all_1_6_24,3.0,3.0,36.0,0.12946823272721017,0.11708160346156024,0.10227075301270801,0.04031930885221569,0.08745990256385577,0.5232781114448352,,,,,,,,,,,,,,,,,,,,,,,,,,,,,
branch1_proxy,development,22752.0,2023-08-03T09:40:00+00:00,21.0,3.0,all_1_6_24,3.0,3.0,36.0,0.13233715781334512,0.12012508610528184,0.10039150592533058,0.047965183278215376,0.08065792574537932,0.5228357475193391,,,,,,,,,,,,,,,,,,,,,,,,,,,,,
branch1_proxy,development,22752.0,2023-08-03T09:40:00+00:00,21.0,7.0,all_1_6_24,3.0,3.0,36.0,0.13110876590623663,0.11940277710329691,0.10296710242038544,0.04199992915498126,0.08653142773747396,0.5146199558074291,,,,,,,,,,,,,,,,,,,,,,,,,,,,,
branch1_proxy,development,22752.0,2023-08-03T09:40:00+00:00,21.0,14.0,all_1_6_24,3.0,3.0,36.0,0.12796626262554053,0.11784966451004926,0.1047169697081563,0.034583777856433046,0.09158427490626334,0.512919023659424,,,,,,,,,,,,,,,,,,,,,,,,,,,,,
branch1_proxy,development,23040.0,2023-08-04T09:40:00+00:00,7.0,3.0,all_1_6_24,3.0,3.0,36.0,0.13629413023226414,0.12984359439085352,0.10639089558777214,0.04642297856133099,0.08293819678469075,0.5740778268840292,,,,,,,,,,,,,,,,,,,,,,,,,,,,,
branch1_proxy,development,23040.0,2023-08-04T09:40:00+00:00,7.0,7.0,all_1_6_24,3.0,3.0,36.0,0.1340263388606846,0.13169867101667998,0.10786084130593218,0.041810221335473095,0.0840230115951844,0.5745140329562438,,,,,,,,,,,,,,,,,,,,,,,,,,,,,
branch1_proxy,development,23040.0,2023-08-04T09:40:00+00:00,7.0,14.0,all_1_6_24,3.0,3.0,36.0,0.13310014817684487,0.13239957934503868,0.10834935444182554,0.040134928175140666,0.0842991295386124,0.574122914383097,,,,,,,,,,,,,,,,,,,,,,,,,,,,,
branch1_proxy,development,23040.0,2023-08-04T09:40:00+00:00,14.0,3.0,all_1_6_24,3.0,3.0,36.0,0.13728826816593429,0.1339272964305558,0.1089229462265045,0.04501105046029865,0.08391859602245322,0.5744607751440757,,,,,,,,,,,,,,,,,,,,,,,,,,,,,
branch1_proxy,development,23040.0,2023-08-04T09:40:00+00:00,14.0,7.0,all_1_6_24,3.0,3.0,36.0,0.13696998703799693,0.13997363554869263,0.11281189073600106,0.04073165216453742,0.0856501459233095,0.573527200372954,,,,,,,,,,,,,,,,,,,,,,,,,,,,,
branch1_proxy,development,23040.0,2023-08-04T09:40:00+00:00,14.0,14.0,all_1_6_24,3.0,3.0,36.0,0.13663309213946948,0.14274142392786074,0.11435143311164461,0.039118696004524355,0.08596144229542847,0.5716361268862986,,,,,,,,,,,,,,,,,,,,,,,,,,,,,
branch1_proxy,development,23040.0,2023-08-04T09:40:00+00:00,21.0,3.0,all_1_6_24,3.0,3.0,36.0,0.13773912387125029,0.13585071103171129,0.10965335701708476,0.04511269042983578,0.08345600300245823,0.5724585207942953,,,,,,,,,,,,,,,,,,,,,,,,,,,,,
branch1_proxy,development,23040.0,2023-08-04T09:40:00+00:00,21.0,7.0,all_1_6_24,3.0,3.0,36.0,0.1383851424212079,0.1458974741238115,0.11620729310671433,0.039640701721649206,0.08651711208961718,0.565640545721324,,,,,,,,,,,,,,,,,,,,,,,,,,,,,
branch1_proxy,development,23040.0,2023-08-04T09:40:00+00:00,21.0,14.0,all_1_6_24,3.0,3.0,36.0,0.13552805764026662,0.15013015946614064,0.11930852838936015,0.03405086714114824,0.08848689731257967,0.5627737132436165,,,,,,,,,,,,,,,,,,,,,,,,,,,,,
branch1_proxy_pooled,pooled_development,,,7.0,3.0,all_1_6_24,,,,0.2065046570158989,0.14131235184379057,0.13268893578154378,0.11177049147939046,0.12475178381470313,,,6.0,,,,,,,,,,,,,,,,,,,,,,,,,,,
branch1_proxy_pooled,pooled_development,,,7.0,7.0,all_1_6_24,,,,0.13219856240900574,0.13125495828998118,0.12719078250098168,0.007283052235652241,0.12331239684609345,0.5437522790870989,,4.0,,,,,,,,,,,,,,,,,,,,,,,,,,,
branch1_proxy_pooled,pooled_development,,,7.0,14.0,all_1_6_24,,,,0.1311846951331014,0.13024862549452346,0.12622071716524064,0.007028283315987779,0.12269156022435641,0.5430759317371239,,4.0,,,,,,,,,,,,,,,,,,,,,,,,,,,
branch1_proxy_pooled,pooled_development,,,14.0,3.0,all_1_6_24,,,,0.13533836697987506,0.13492123624711516,0.1309433662218837,0.007034558586054157,0.1261108519026468,0.5462396660234592,,4.0,,,,,,,,,,,,,,,,,,,,,,,,,,,
branch1_proxy_pooled,pooled_development,,,14.0,7.0,all_1_6_24,,,,0.13371290057999202,0.1334947602947088,0.12840598681948986,0.007733692145258677,0.12356534662369738,0.5417905800256961,,4.0,,,,,,,,,,,,,,,,,,,,,,,,,,,
branch1_proxy_pooled,pooled_development,,,14.0,14.0,all_1_6_24,,,,0.13327789029022966,0.13305066243333982,0.1278649923172366,0.007814613591552002,0.1230552710873159,0.5394206823356976,,4.0,,,,,,,,,,,,,,,,,,,,,,,,,,,
branch1_proxy_pooled,pooled_development,,,21.0,3.0,all_1_6_24,,,,0.13600899958055795,0.1350381408422977,0.1311591627672552,0.006953074626046059,0.12762517762898548,0.5432015873620499,,4.0,,,,,,,,,,,,,,,,,,,,,,,,,,,
branch1_proxy_pooled,pooled_development,,,21.0,7.0,all_1_6_24,,,,0.13523547269505218,0.13474695416372226,0.12985498822642616,0.007295789427448359,0.12609365518699475,0.5301166094254675,,4.0,,,,,,,,,,,,,,,,,,,,,,,,,,,
branch1_proxy_pooled,pooled_development,,,21.0,14.0,all_1_6_24,,,,0.13100314686551146,0.13174716013290358,0.1260782175978381,0.0074942420657403246,0.12041408251473085,0.5237635617528237,,4.0,,,,,,,,,,,,,,,,,,,,,,,,,,,
pooled_parallel_weight_summary,,,,,,,,,,,,,,,,,,"{'logistic': 0.15666969570134703, 'extra_trees': 0.13831588876948783, 'hist_gradient_boosting': 0.14189545866175085, 'cnn': 0.1358474463518683}","{'1': 0.15868408255338368, '6': 0.15329830553823462, '24': 0.1576229334113054}","{'logistic': 0.2585759070433415, 'extra_trees': 0.24690586542167822, 'hist_gradient_boosting': 0.24918189075993377, 'cnn': 0.24533633677504657}","{'1': 0.33534246262854184, '6': 0.3303071688553383, '24': 0.3343503685161199}",,,,,,,,,,,,,,,,,,,,,,,
cascade_alpha,,,,,,,,,,0.1571305949298763,,,,,0.573238430723524,,,,,,,0.0,latest_pooled_oof_blocks,864859.0,,,,,,,,,,,,,,,,,,,,
cascade_alpha,,,,,,,,,,0.44165132742651486,,,,,0.7363956654988546,,,,,,,0.25,latest_pooled_oof_blocks,864859.0,,,,,,,,,,,,,,,,,,,,
cascade_alpha,,,,,,,,,,0.5627853151702222,,,,,0.7865144322479753,,,,,,,0.5,latest_pooled_oof_blocks,864859.0,,,,,,,,,,,,,,,,,,,,
cascade_alpha,,,,,,,,,,0.610045809793811,,,,,0.810793893622525,,,,,,,0.75,latest_pooled_oof_blocks,864859.0,,,,,,,,,,,,,,,,,,,,
cascade_alpha,,,,,,,,,,0.6329523692323101,,,,,0.8273013965306034,,,,,,,1.0,latest_pooled_oof_blocks,864859.0,,,,,,,,,,,,,,,,,,,,
branch2_history_only,,,,,,,,,,0.1548065119145009,0.12238591205803903,0.10864396982334348,0.061654145437346965,0.08605397609110205,0.5367542273688446,,,,,,,,,,7.0,0.0,history_only,6.0,18.0,,,,,,,,,,,,,,,
branch2_history_only,,,,,,,,,,0.15447181082075176,0.11854694835636498,0.1035759648005634,0.06192755592329678,0.09110964301534491,0.5382219034893585,,,,,,,,,,14.0,0.0,history_only,6.0,18.0,,,,,,,,,,,,,,,
branch2_history_only,,,,,,,,,,0.15100166665902376,0.11618764853741352,0.09532555141359682,0.0628696490223134,0.09008156082471534,0.5383771861876527,,,,,,,,,,21.0,0.0,history_only,6.0,18.0,,,,,,,,,,,,,,,
fusion_pareto_alpha,code_faithful_pareto_formula,,,,,,,,,,,,,,,,,,,,,,,,7.0,0.0,,6.0,18.0,1.0,1.0,18.0,,,,,,,,,,,,
branch1_proxy_pooled,heldout_preselection,23040.0,2023-08-04T09:40:00+00:00,,,all_1_6_24,3.0,,36.0,0.2065046570158989,0.14131235184379057,0.13268893578154378,0.11177049147939046,0.12475178381470313,,9.0,6.0,,,"{'logistic': 0.2585759070433415, 'extra_trees': 0.24690586542167822, 'hist_gradient_boosting': 0.24918189075993377, 'cnn': 0.24533633677504657}","{'1': 0.33534246262854184, '6': 0.3303071688553383, '24': 0.3343503685161199}",,,,,,,6.0,18.0,,1.0,18.0,7.0,3.0,"[1, 6, 24]",6.0,pooled_latest_development_origins,1.0,0.6329523692323101,7.0,0.0,,,all_gpus_before_top100
