origin_idx,origin_time,arm,status,cutoff_time,calibration_start_time,fusion_start_time,latest_fit_score_time,calibration_rows,fusion_rows,calibration_positives,fusion_positives,coefficient_count
0,2023-06-15T09:40:00+00:00,no_inertia,cold_start_b2_fallback,2023-06-13T21:40:00+00:00,2023-05-30T21:40:00+00:00,2023-06-06T21:40:00+00:00,,0,0,0,0,0
0,2023-06-15T09:40:00+00:00,b1_inertia,cold_start_b2_fallback,2023-06-13T21:40:00+00:00,2023-05-30T21:40:00+00:00,2023-06-06T21:40:00+00:00,,0,0,0,0,0
0,2023-06-15T09:40:00+00:00,b2_inertia,cold_start_b2_fallback,2023-06-13T21:40:00+00:00,2023-05-30T21:40:00+00:00,2023-06-06T21:40:00+00:00,,0,0,0,0,0
0,2023-06-15T09:40:00+00:00,dual_inertia,cold_start_b2_fallback,2023-06-13T21:40:00+00:00,2023-05-30T21:40:00+00:00,2023-06-06T21:40:00+00:00,,0,0,0,0,0
1,2023-06-16T09:40:00+00:00,no_inertia,cold_start_b2_fallback,2023-06-14T21:40:00+00:00,2023-05-31T21:40:00+00:00,2023-06-07T21:40:00+00:00,,0,0,0,0,0
1,2023-06-16T09:40:00+00:00,b1_inertia,cold_start_b2_fallback,2023-06-14T21:40:00+00:00,2023-05-31T21:40:00+00:00,2023-06-07T21:40:00+00:00,,0,0,0,0,0
1,2023-06-16T09:40:00+00:00,b2_inertia,cold_start_b2_fallback,2023-06-14T21:40:00+00:00,2023-05-31T21:40:00+00:00,2023-06-07T21:40:00+00:00,,0,0,0,0,0
1,2023-06-16T09:40:00+00:00,dual_inertia,cold_start_b2_fallback,2023-06-14T21:40:00+00:00,2023-05-31T21:40:00+00:00,2023-06-07T21:40:00+00:00,,0,0,0,0,0
2,2023-06-17T09:40:00+00:00,no_inertia,cold_start_b2_fallback,2023-06-15T21:40:00+00:00,2023-06-01T21:40:00+00:00,2023-06-08T21:40:00+00:00,,0,0,0,0,0
2,2023-06-17T09:40:00+00:00,b1_inertia,cold_start_b2_fallback,2023-06-15T21:40:00+00:00,2023-06-01T21:40:00+00:00,2023-06-08T21:40:00+00:00,,0,0,0,0,0
2,2023-06-17T09:40:00+00:00,b2_inertia,cold_start_b2_fallback,2023-06-15T21:40:00+00:00,2023-06-01T21:40:00+00:00,2023-06-08T21:40:00+00:00,,0,0,0,0,0
2,2023-06-17T09:40:00+00:00,dual_inertia,cold_start_b2_fallback,2023-06-15T21:40:00+00:00,2023-06-01T21:40:00+00:00,2023-06-08T21:40:00+00:00,,0,0,0,0,0
3,2023-06-18T09:40:00+00:00,no_inertia,cold_start_b2_fallback,2023-06-16T21:40:00+00:00,2023-06-02T21:40:00+00:00,2023-06-09T21:40:00+00:00,,0,0,0,0,0
3,2023-06-18T09:40:00+00:00,b1_inertia,cold_start_b2_fallback,2023-06-16T21:40:00+00:00,2023-06-02T21:40:00+00:00,2023-06-09T21:40:00+00:00,,0,0,0,0,0
3,2023-06-18T09:40:00+00:00,b2_inertia,cold_start_b2_fallback,2023-06-16T21:40:00+00:00,2023-06-02T21:40:00+00:00,2023-06-09T21:40:00+00:00,,0,0,0,0,0
3,2023-06-18T09:40:00+00:00,dual_inertia,cold_start_b2_fallback,2023-06-16T21:40:00+00:00,2023-06-02T21:40:00+00:00,2023-06-09T21:40:00+00:00,,0,0,0,0,0
4,2023-06-19T09:40:00+00:00,no_inertia,cold_start_b2_fallback,2023-06-17T21:40:00+00:00,2023-06-03T21:40:00+00:00,2023-06-10T21:40:00+00:00,,0,0,0,0,0
4,2023-06-19T09:40:00+00:00,b1_inertia,cold_start_b2_fallback,2023-06-17T21:40:00+00:00,2023-06-03T21:40:00+00:00,2023-06-10T21:40:00+00:00,,0,0,0,0,0
4,2023-06-19T09:40:00+00:00,b2_inertia,cold_start_b2_fallback,2023-06-17T21:40:00+00:00,2023-06-03T21:40:00+00:00,2023-06-10T21:40:00+00:00,,0,0,0,0,0
4,2023-06-19T09:40:00+00:00,dual_inertia,cold_start_b2_fallback,2023-06-17T21:40:00+00:00,2023-06-03T21:40:00+00:00,2023-06-10T21:40:00+00:00,,0,0,0,0,0
5,2023-06-20T09:40:00+00:00,no_inertia,cold_start_b2_fallback,2023-06-18T21:40:00+00:00,2023-06-04T21:40:00+00:00,2023-06-11T21:40:00+00:00,,0,0,0,0,0
5,2023-06-20T09:40:00+00:00,b1_inertia,cold_start_b2_fallback,2023-06-18T21:40:00+00:00,2023-06-04T21:40:00+00:00,2023-06-11T21:40:00+00:00,,0,0,0,0,0
5,2023-06-20T09:40:00+00:00,b2_inertia,cold_start_b2_fallback,2023-06-18T21:40:00+00:00,2023-06-04T21:40:00+00:00,2023-06-11T21:40:00+00:00,,0,0,0,0,0
5,2023-06-20T09:40:00+00:00,dual_inertia,cold_start_b2_fallback,2023-06-18T21:40:00+00:00,2023-06-04T21:40:00+00:00,2023-06-11T21:40:00+00:00,,0,0,0,0,0
6,2023-06-21T09:40:00+00:00,no_inertia,cold_start_b2_fallback,2023-06-19T21:40:00+00:00,2023-06-05T21:40:00+00:00,2023-06-12T21:40:00+00:00,,0,0,0,0,0
6,2023-06-21T09:40:00+00:00,b1_inertia,cold_start_b2_fallback,2023-06-19T21:40:00+00:00,2023-06-05T21:40:00+00:00,2023-06-12T21:40:00+00:00,,0,0,0,0,0
6,2023-06-21T09:40:00+00:00,b2_inertia,cold_start_b2_fallback,2023-06-19T21:40:00+00:00,2023-06-05T21:40:00+00:00,2023-06-12T21:40:00+00:00,,0,0,0,0,0
6,2023-06-21T09:40:00+00:00,dual_inertia,cold_start_b2_fallback,2023-06-19T21:40:00+00:00,2023-06-05T21:40:00+00:00,2023-06-12T21:40:00+00:00,,0,0,0,0,0
7,2023-06-22T09:40:00+00:00,no_inertia,cold_start_b2_fallback,2023-06-20T21:40:00+00:00,2023-06-06T21:40:00+00:00,2023-06-13T21:40:00+00:00,,0,0,0,0,0
7,2023-06-22T09:40:00+00:00,b1_inertia,cold_start_b2_fallback,2023-06-20T21:40:00+00:00,2023-06-06T21:40:00+00:00,2023-06-13T21:40:00+00:00,,0,0,0,0,0
7,2023-06-22T09:40:00+00:00,b2_inertia,cold_start_b2_fallback,2023-06-20T21:40:00+00:00,2023-06-06T21:40:00+00:00,2023-06-13T21:40:00+00:00,,0,0,0,0,0
7,2023-06-22T09:40:00+00:00,dual_inertia,cold_start_b2_fallback,2023-06-20T21:40:00+00:00,2023-06-06T21:40:00+00:00,2023-06-13T21:40:00+00:00,,0,0,0,0,0
8,2023-06-23T09:40:00+00:00,no_inertia,cold_start_b2_fallback,2023-06-21T21:40:00+00:00,2023-06-07T21:40:00+00:00,2023-06-14T21:40:00+00:00,,0,0,0,0,0
8,2023-06-23T09:40:00+00:00,b1_inertia,cold_start_b2_fallback,2023-06-21T21:40:00+00:00,2023-06-07T21:40:00+00:00,2023-06-14T21:40:00+00:00,,0,0,0,0,0
8,2023-06-23T09:40:00+00:00,b2_inertia,cold_start_b2_fallback,2023-06-21T21:40:00+00:00,2023-06-07T21:40:00+00:00,2023-06-14T21:40:00+00:00,,0,0,0,0,0
8,2023-06-23T09:40:00+00:00,dual_inertia,cold_start_b2_fallback,2023-06-21T21:40:00+00:00,2023-06-07T21:40:00+00:00,2023-06-14T21:40:00+00:00,,0,0,0,0,0
9,2023-06-24T09:40:00+00:00,no_inertia,cold_start_b2_fallback,2023-06-22T21:40:00+00:00,2023-06-08T21:40:00+00:00,2023-06-15T21:40:00+00:00,,0,0,0,0,0
9,2023-06-24T09:40:00+00:00,b1_inertia,cold_start_b2_fallback,2023-06-22T21:40:00+00:00,2023-06-08T21:40:00+00:00,2023-06-15T21:40:00+00:00,,0,0,0,0,0
9,2023-06-24T09:40:00+00:00,b2_inertia,cold_start_b2_fallback,2023-06-22T21:40:00+00:00,2023-06-08T21:40:00+00:00,2023-06-15T21:40:00+00:00,,0,0,0,0,0
9,2023-06-24T09:40:00+00:00,dual_inertia,cold_start_b2_fallback,2023-06-22T21:40:00+00:00,2023-06-08T21:40:00+00:00,2023-06-15T21:40:00+00:00,,0,0,0,0,0
10,2023-06-25T09:40:00+00:00,no_inertia,cold_start_b2_fallback,2023-06-23T21:40:00+00:00,2023-06-09T21:40:00+00:00,2023-06-16T21:40:00+00:00,,0,0,0,0,0
10,2023-06-25T09:40:00+00:00,b1_inertia,cold_start_b2_fallback,2023-06-23T21:40:00+00:00,2023-06-09T21:40:00+00:00,2023-06-16T21:40:00+00:00,,0,0,0,0,0
10,2023-06-25T09:40:00+00:00,b2_inertia,cold_start_b2_fallback,2023-06-23T21:40:00+00:00,2023-06-09T21:40:00+00:00,2023-06-16T21:40:00+00:00,,0,0,0,0,0
10,2023-06-25T09:40:00+00:00,dual_inertia,cold_start_b2_fallback,2023-06-23T21:40:00+00:00,2023-06-09T21:40:00+00:00,2023-06-16T21:40:00+00:00,,0,0,0,0,0
11,2023-06-26T09:40:00+00:00,no_inertia,cold_start_b2_fallback,2023-06-24T21:40:00+00:00,2023-06-10T21:40:00+00:00,2023-06-17T21:40:00+00:00,,0,0,0,0,0
11,2023-06-26T09:40:00+00:00,b1_inertia,cold_start_b2_fallback,2023-06-24T21:40:00+00:00,2023-06-10T21:40:00+00:00,2023-06-17T21:40:00+00:00,,0,0,0,0,0
11,2023-06-26T09:40:00+00:00,b2_inertia,cold_start_b2_fallback,2023-06-24T21:40:00+00:00,2023-06-10T21:40:00+00:00,2023-06-17T21:40:00+00:00,,0,0,0,0,0
11,2023-06-26T09:40:00+00:00,dual_inertia,cold_start_b2_fallback,2023-06-24T21:40:00+00:00,2023-06-10T21:40:00+00:00,2023-06-17T21:40:00+00:00,,0,0,0,0,0
12,2023-06-27T09:40:00+00:00,no_inertia,cold_start_b2_fallback,2023-06-25T21:40:00+00:00,2023-06-11T21:40:00+00:00,2023-06-18T21:40:00+00:00,,0,0,0,0,0
12,2023-06-27T09:40:00+00:00,b1_inertia,cold_start_b2_fallback,2023-06-25T21:40:00+00:00,2023-06-11T21:40:00+00:00,2023-06-18T21:40:00+00:00,,0,0,0,0,0
12,2023-06-27T09:40:00+00:00,b2_inertia,cold_start_b2_fallback,2023-06-25T21:40:00+00:00,2023-06-11T21:40:00+00:00,2023-06-18T21:40:00+00:00,,0,0,0,0,0
12,2023-06-27T09:40:00+00:00,dual_inertia,cold_start_b2_fallback,2023-06-25T21:40:00+00:00,2023-06-11T21:40:00+00:00,2023-06-18T21:40:00+00:00,,0,0,0,0,0
13,2023-06-28T09:40:00+00:00,no_inertia,cold_start_b2_fallback,2023-06-26T21:40:00+00:00,2023-06-12T21:40:00+00:00,2023-06-19T21:40:00+00:00,,0,0,0,0,0
13,2023-06-28T09:40:00+00:00,b1_inertia,cold_start_b2_fallback,2023-06-26T21:40:00+00:00,2023-06-12T21:40:00+00:00,2023-06-19T21:40:00+00:00,,0,0,0,0,0
13,2023-06-28T09:40:00+00:00,b2_inertia,cold_start_b2_fallback,2023-06-26T21:40:00+00:00,2023-06-12T21:40:00+00:00,2023-06-19T21:40:00+00:00,,0,0,0,0,0
13,2023-06-28T09:40:00+00:00,dual_inertia,cold_start_b2_fallback,2023-06-26T21:40:00+00:00,2023-06-12T21:40:00+00:00,2023-06-19T21:40:00+00:00,,0,0,0,0,0
14,2023-06-29T09:40:00+00:00,no_inertia,cold_start_b2_fallback,2023-06-27T21:40:00+00:00,2023-06-13T21:40:00+00:00,2023-06-20T21:40:00+00:00,,0,0,0,0,0
14,2023-06-29T09:40:00+00:00,b1_inertia,cold_start_b2_fallback,2023-06-27T21:40:00+00:00,2023-06-13T21:40:00+00:00,2023-06-20T21:40:00+00:00,,0,0,0,0,0
14,2023-06-29T09:40:00+00:00,b2_inertia,cold_start_b2_fallback,2023-06-27T21:40:00+00:00,2023-06-13T21:40:00+00:00,2023-06-20T21:40:00+00:00,,0,0,0,0,0
14,2023-06-29T09:40:00+00:00,dual_inertia,cold_start_b2_fallback,2023-06-27T21:40:00+00:00,2023-06-13T21:40:00+00:00,2023-06-20T21:40:00+00:00,,0,0,0,0,0
15,2023-06-30T09:40:00+00:00,no_inertia,cold_start_b2_fallback,2023-06-28T21:40:00+00:00,2023-06-14T21:40:00+00:00,2023-06-21T21:40:00+00:00,,0,0,0,0,0
15,2023-06-30T09:40:00+00:00,b1_inertia,cold_start_b2_fallback,2023-06-28T21:40:00+00:00,2023-06-14T21:40:00+00:00,2023-06-21T21:40:00+00:00,,0,0,0,0,0
15,2023-06-30T09:40:00+00:00,b2_inertia,cold_start_b2_fallback,2023-06-28T21:40:00+00:00,2023-06-14T21:40:00+00:00,2023-06-21T21:40:00+00:00,,0,0,0,0,0
15,2023-06-30T09:40:00+00:00,dual_inertia,cold_start_b2_fallback,2023-06-28T21:40:00+00:00,2023-06-14T21:40:00+00:00,2023-06-21T21:40:00+00:00,,0,0,0,0,0
16,2023-07-01T09:40:00+00:00,no_inertia,trained,2023-06-29T21:40:00+00:00,2023-06-15T21:40:00+00:00,2023-06-22T21:40:00+00:00,2023-06-29T21:40:00+00:00,669312,671304,6553,7018,6
16,2023-07-01T09:40:00+00:00,b1_inertia,trained,2023-06-29T21:40:00+00:00,2023-06-15T21:40:00+00:00,2023-06-22T21:40:00+00:00,2023-06-29T21:40:00+00:00,669312,671304,6553,7018,9
16,2023-07-01T09:40:00+00:00,b2_inertia,trained,2023-06-29T21:40:00+00:00,2023-06-15T21:40:00+00:00,2023-06-22T21:40:00+00:00,2023-06-29T21:40:00+00:00,669312,671304,6553,7018,9
16,2023-07-01T09:40:00+00:00,dual_inertia,trained,2023-06-29T21:40:00+00:00,2023-06-15T21:40:00+00:00,2023-06-22T21:40:00+00:00,2023-06-29T21:40:00+00:00,669312,671304,6553,7018,12
17,2023-07-02T09:40:00+00:00,no_inertia,trained,2023-06-30T21:40:00+00:00,2023-06-16T21:40:00+00:00,2023-06-23T21:40:00+00:00,2023-06-30T21:40:00+00:00,669312,671304,6905,6614,6
17,2023-07-02T09:40:00+00:00,b1_inertia,trained,2023-06-30T21:40:00+00:00,2023-06-16T21:40:00+00:00,2023-06-23T21:40:00+00:00,2023-06-30T21:40:00+00:00,669312,671304,6905,6614,9
17,2023-07-02T09:40:00+00:00,b2_inertia,trained,2023-06-30T21:40:00+00:00,2023-06-16T21:40:00+00:00,2023-06-23T21:40:00+00:00,2023-06-30T21:40:00+00:00,669312,671304,6905,6614,9
17,2023-07-02T09:40:00+00:00,dual_inertia,trained,2023-06-30T21:40:00+00:00,2023-06-16T21:40:00+00:00,2023-06-23T21:40:00+00:00,2023-06-30T21:40:00+00:00,669312,671304,6905,6614,12
18,2023-07-03T09:40:00+00:00,no_inertia,trained,2023-07-01T21:40:00+00:00,2023-06-17T21:40:00+00:00,2023-06-24T21:40:00+00:00,2023-07-01T21:40:00+00:00,669312,671304,9756,3708,6
18,2023-07-03T09:40:00+00:00,b1_inertia,trained,2023-07-01T21:40:00+00:00,2023-06-17T21:40:00+00:00,2023-06-24T21:40:00+00:00,2023-07-01T21:40:00+00:00,669312,671304,9756,3708,9
18,2023-07-03T09:40:00+00:00,b2_inertia,trained,2023-07-01T21:40:00+00:00,2023-06-17T21:40:00+00:00,2023-06-24T21:40:00+00:00,2023-07-01T21:40:00+00:00,669312,671304,9756,3708,9
18,2023-07-03T09:40:00+00:00,dual_inertia,trained,2023-07-01T21:40:00+00:00,2023-06-17T21:40:00+00:00,2023-06-24T21:40:00+00:00,2023-07-01T21:40:00+00:00,669312,671304,9756,3708,12
19,2023-07-04T09:40:00+00:00,no_inertia,trained,2023-07-02T21:40:00+00:00,2023-06-18T21:40:00+00:00,2023-06-25T21:40:00+00:00,2023-07-02T21:40:00+00:00,669312,671304,9277,3523,6
19,2023-07-04T09:40:00+00:00,b1_inertia,trained,2023-07-02T21:40:00+00:00,2023-06-18T21:40:00+00:00,2023-06-25T21:40:00+00:00,2023-07-02T21:40:00+00:00,669312,671304,9277,3523,9
19,2023-07-04T09:40:00+00:00,b2_inertia,trained,2023-07-02T21:40:00+00:00,2023-06-18T21:40:00+00:00,2023-06-25T21:40:00+00:00,2023-07-02T21:40:00+00:00,669312,671304,9277,3523,9
19,2023-07-04T09:40:00+00:00,dual_inertia,trained,2023-07-02T21:40:00+00:00,2023-06-18T21:40:00+00:00,2023-06-25T21:40:00+00:00,2023-07-02T21:40:00+00:00,669312,671304,9277,3523,12
20,2023-07-05T09:40:00+00:00,no_inertia,trained,2023-07-03T21:40:00+00:00,2023-06-19T21:40:00+00:00,2023-06-26T21:40:00+00:00,2023-07-03T21:40:00+00:00,669312,671304,8533,4181,6
20,2023-07-05T09:40:00+00:00,b1_inertia,trained,2023-07-03T21:40:00+00:00,2023-06-19T21:40:00+00:00,2023-06-26T21:40:00+00:00,2023-07-03T21:40:00+00:00,669312,671304,8533,4181,9
20,2023-07-05T09:40:00+00:00,b2_inertia,trained,2023-07-03T21:40:00+00:00,2023-06-19T21:40:00+00:00,2023-06-26T21:40:00+00:00,2023-07-03T21:40:00+00:00,669312,671304,8533,4181,9
20,2023-07-05T09:40:00+00:00,dual_inertia,trained,2023-07-03T21:40:00+00:00,2023-06-19T21:40:00+00:00,2023-06-26T21:40:00+00:00,2023-07-03T21:40:00+00:00,669312,671304,8533,4181,12
21,2023-07-06T09:40:00+00:00,no_inertia,trained,2023-07-04T21:40:00+00:00,2023-06-20T21:40:00+00:00,2023-06-27T21:40:00+00:00,2023-07-04T21:40:00+00:00,669312,671304,6089,6170,6
21,2023-07-06T09:40:00+00:00,b1_inertia,trained,2023-07-04T21:40:00+00:00,2023-06-20T21:40:00+00:00,2023-06-27T21:40:00+00:00,2023-07-04T21:40:00+00:00,669312,671304,6089,6170,9
21,2023-07-06T09:40:00+00:00,b2_inertia,trained,2023-07-04T21:40:00+00:00,2023-06-20T21:40:00+00:00,2023-06-27T21:40:00+00:00,2023-07-04T21:40:00+00:00,669312,671304,6089,6170,9
21,2023-07-06T09:40:00+00:00,dual_inertia,trained,2023-07-04T21:40:00+00:00,2023-06-20T21:40:00+00:00,2023-06-27T21:40:00+00:00,2023-07-04T21:40:00+00:00,669312,671304,6089,6170,12
22,2023-07-07T09:40:00+00:00,no_inertia,trained,2023-07-05T21:40:00+00:00,2023-06-21T21:40:00+00:00,2023-06-28T21:40:00+00:00,2023-07-05T21:40:00+00:00,669312,671304,6024,7101,6
22,2023-07-07T09:40:00+00:00,b1_inertia,trained,2023-07-05T21:40:00+00:00,2023-06-21T21:40:00+00:00,2023-06-28T21:40:00+00:00,2023-07-05T21:40:00+00:00,669312,671304,6024,7101,9
22,2023-07-07T09:40:00+00:00,b2_inertia,trained,2023-07-05T21:40:00+00:00,2023-06-21T21:40:00+00:00,2023-06-28T21:40:00+00:00,2023-07-05T21:40:00+00:00,669312,671304,6024,7101,9
22,2023-07-07T09:40:00+00:00,dual_inertia,trained,2023-07-05T21:40:00+00:00,2023-06-21T21:40:00+00:00,2023-06-28T21:40:00+00:00,2023-07-05T21:40:00+00:00,669312,671304,6024,7101,12
23,2023-07-08T09:40:00+00:00,no_inertia,trained,2023-07-06T21:40:00+00:00,2023-06-22T21:40:00+00:00,2023-06-29T21:40:00+00:00,2023-07-06T21:40:00+00:00,669312,671304,6985,6558,6
23,2023-07-08T09:40:00+00:00,b1_inertia,trained,2023-07-06T21:40:00+00:00,2023-06-22T21:40:00+00:00,2023-06-29T21:40:00+00:00,2023-07-06T21:40:00+00:00,669312,671304,6985,6558,9
23,2023-07-08T09:40:00+00:00,b2_inertia,trained,2023-07-06T21:40:00+00:00,2023-06-22T21:40:00+00:00,2023-06-29T21:40:00+00:00,2023-07-06T21:40:00+00:00,669312,671304,6985,6558,9
23,2023-07-08T09:40:00+00:00,dual_inertia,trained,2023-07-06T21:40:00+00:00,2023-06-22T21:40:00+00:00,2023-06-29T21:40:00+00:00,2023-07-06T21:40:00+00:00,669312,671304,6985,6558,12
24,2023-07-09T09:40:00+00:00,no_inertia,trained,2023-07-07T21:40:00+00:00,2023-06-23T21:40:00+00:00,2023-06-30T21:40:00+00:00,2023-07-07T21:40:00+00:00,669312,671304,6610,6310,6
24,2023-07-09T09:40:00+00:00,b1_inertia,trained,2023-07-07T21:40:00+00:00,2023-06-23T21:40:00+00:00,2023-06-30T21:40:00+00:00,2023-07-07T21:40:00+00:00,669312,671304,6610,6310,9
24,2023-07-09T09:40:00+00:00,b2_inertia,trained,2023-07-07T21:40:00+00:00,2023-06-23T21:40:00+00:00,2023-06-30T21:40:00+00:00,2023-07-07T21:40:00+00:00,669312,671304,6610,6310,9
24,2023-07-09T09:40:00+00:00,dual_inertia,trained,2023-07-07T21:40:00+00:00,2023-06-23T21:40:00+00:00,2023-06-30T21:40:00+00:00,2023-07-07T21:40:00+00:00,669312,671304,6610,6310,12
25,2023-07-10T09:40:00+00:00,no_inertia,trained,2023-07-08T21:40:00+00:00,2023-06-24T21:40:00+00:00,2023-07-01T21:40:00+00:00,2023-07-08T21:40:00+00:00,669312,671304,3702,6394,6
25,2023-07-10T09:40:00+00:00,b1_inertia,trained,2023-07-08T21:40:00+00:00,2023-06-24T21:40:00+00:00,2023-07-01T21:40:00+00:00,2023-07-08T21:40:00+00:00,669312,671304,3702,6394,9
25,2023-07-10T09:40:00+00:00,b2_inertia,trained,2023-07-08T21:40:00+00:00,2023-06-24T21:40:00+00:00,2023-07-01T21:40:00+00:00,2023-07-08T21:40:00+00:00,669312,671304,3702,6394,9
25,2023-07-10T09:40:00+00:00,dual_inertia,trained,2023-07-08T21:40:00+00:00,2023-06-24T21:40:00+00:00,2023-07-01T21:40:00+00:00,2023-07-08T21:40:00+00:00,669312,671304,3702,6394,12
26,2023-07-11T09:40:00+00:00,no_inertia,trained,2023-07-09T21:40:00+00:00,2023-06-25T21:40:00+00:00,2023-07-02T21:40:00+00:00,2023-07-09T21:40:00+00:00,669312,671304,3514,6366,6
26,2023-07-11T09:40:00+00:00,b1_inertia,trained,2023-07-09T21:40:00+00:00,2023-06-25T21:40:00+00:00,2023-07-02T21:40:00+00:00,2023-07-09T21:40:00+00:00,669312,671304,3514,6366,9
26,2023-07-11T09:40:00+00:00,b2_inertia,trained,2023-07-09T21:40:00+00:00,2023-06-25T21:40:00+00:00,2023-07-02T21:40:00+00:00,2023-07-09T21:40:00+00:00,669312,671304,3514,6366,9
26,2023-07-11T09:40:00+00:00,dual_inertia,trained,2023-07-09T21:40:00+00:00,2023-06-25T21:40:00+00:00,2023-07-02T21:40:00+00:00,2023-07-09T21:40:00+00:00,669312,671304,3514,6366,12
27,2023-07-12T09:40:00+00:00,no_inertia,trained,2023-07-10T21:40:00+00:00,2023-06-26T21:40:00+00:00,2023-07-03T21:40:00+00:00,2023-07-10T21:40:00+00:00,669312,671304,4136,5873,6
27,2023-07-12T09:40:00+00:00,b1_inertia,trained,2023-07-10T21:40:00+00:00,2023-06-26T21:40:00+00:00,2023-07-03T21:40:00+00:00,2023-07-10T21:40:00+00:00,669312,671304,4136,5873,9
27,2023-07-12T09:40:00+00:00,b2_inertia,trained,2023-07-10T21:40:00+00:00,2023-06-26T21:40:00+00:00,2023-07-03T21:40:00+00:00,2023-07-10T21:40:00+00:00,669312,671304,4136,5873,9
27,2023-07-12T09:40:00+00:00,dual_inertia,trained,2023-07-10T21:40:00+00:00,2023-06-26T21:40:00+00:00,2023-07-03T21:40:00+00:00,2023-07-10T21:40:00+00:00,669312,671304,4136,5873,12
28,2023-07-13T09:40:00+00:00,no_inertia,trained,2023-07-11T21:40:00+00:00,2023-06-27T21:40:00+00:00,2023-07-04T21:40:00+00:00,2023-07-11T21:40:00+00:00,669312,671304,6144,4130,6
28,2023-07-13T09:40:00+00:00,b1_inertia,trained,2023-07-11T21:40:00+00:00,2023-06-27T21:40:00+00:00,2023-07-04T21:40:00+00:00,2023-07-11T21:40:00+00:00,669312,671304,6144,4130,9
28,2023-07-13T09:40:00+00:00,b2_inertia,trained,2023-07-11T21:40:00+00:00,2023-06-27T21:40:00+00:00,2023-07-04T21:40:00+00:00,2023-07-11T21:40:00+00:00,669312,671304,6144,4130,9
28,2023-07-13T09:40:00+00:00,dual_inertia,trained,2023-07-11T21:40:00+00:00,2023-06-27T21:40:00+00:00,2023-07-04T21:40:00+00:00,2023-07-11T21:40:00+00:00,669312,671304,6144,4130,12
29,2023-07-14T09:40:00+00:00,no_inertia,trained,2023-07-12T21:40:00+00:00,2023-06-28T21:40:00+00:00,2023-07-05T21:40:00+00:00,2023-07-12T21:40:00+00:00,669312,671304,7066,3969,6
29,2023-07-14T09:40:00+00:00,b1_inertia,trained,2023-07-12T21:40:00+00:00,2023-06-28T21:40:00+00:00,2023-07-05T21:40:00+00:00,2023-07-12T21:40:00+00:00,669312,671304,7066,3969,9
29,2023-07-14T09:40:00+00:00,b2_inertia,trained,2023-07-12T21:40:00+00:00,2023-06-28T21:40:00+00:00,2023-07-05T21:40:00+00:00,2023-07-12T21:40:00+00:00,669312,671304,7066,3969,9
29,2023-07-14T09:40:00+00:00,dual_inertia,trained,2023-07-12T21:40:00+00:00,2023-06-28T21:40:00+00:00,2023-07-05T21:40:00+00:00,2023-07-12T21:40:00+00:00,669312,671304,7066,3969,12
30,2023-07-15T09:40:00+00:00,no_inertia,trained,2023-07-13T21:40:00+00:00,2023-06-29T21:40:00+00:00,2023-07-06T21:40:00+00:00,2023-07-13T21:40:00+00:00,669312,671304,6555,3732,6
30,2023-07-15T09:40:00+00:00,b1_inertia,trained,2023-07-13T21:40:00+00:00,2023-06-29T21:40:00+00:00,2023-07-06T21:40:00+00:00,2023-07-13T21:40:00+00:00,669312,671304,6555,3732,9
30,2023-07-15T09:40:00+00:00,b2_inertia,trained,2023-07-13T21:40:00+00:00,2023-06-29T21:40:00+00:00,2023-07-06T21:40:00+00:00,2023-07-13T21:40:00+00:00,669312,671304,6555,3732,9
30,2023-07-15T09:40:00+00:00,dual_inertia,trained,2023-07-13T21:40:00+00:00,2023-06-29T21:40:00+00:00,2023-07-06T21:40:00+00:00,2023-07-13T21:40:00+00:00,669312,671304,6555,3732,12
31,2023-07-16T09:40:00+00:00,no_inertia,trained,2023-07-14T21:40:00+00:00,2023-06-30T21:40:00+00:00,2023-07-07T21:40:00+00:00,2023-07-14T21:40:00+00:00,669312,671304,6300,3539,6
31,2023-07-16T09:40:00+00:00,b1_inertia,trained,2023-07-14T21:40:00+00:00,2023-06-30T21:40:00+00:00,2023-07-07T21:40:00+00:00,2023-07-14T21:40:00+00:00,669312,671304,6300,3539,9
31,2023-07-16T09:40:00+00:00,b2_inertia,trained,2023-07-14T21:40:00+00:00,2023-06-30T21:40:00+00:00,2023-07-07T21:40:00+00:00,2023-07-14T21:40:00+00:00,669312,671304,6300,3539,9
31,2023-07-16T09:40:00+00:00,dual_inertia,trained,2023-07-14T21:40:00+00:00,2023-06-30T21:40:00+00:00,2023-07-07T21:40:00+00:00,2023-07-14T21:40:00+00:00,669312,671304,6300,3539,12
32,2023-07-17T09:40:00+00:00,no_inertia,trained,2023-07-15T21:40:00+00:00,2023-07-01T21:40:00+00:00,2023-07-08T21:40:00+00:00,2023-07-15T21:40:00+00:00,669312,671304,6386,3446,6
32,2023-07-17T09:40:00+00:00,b1_inertia,trained,2023-07-15T21:40:00+00:00,2023-07-01T21:40:00+00:00,2023-07-08T21:40:00+00:00,2023-07-15T21:40:00+00:00,669312,671304,6386,3446,9
32,2023-07-17T09:40:00+00:00,b2_inertia,trained,2023-07-15T21:40:00+00:00,2023-07-01T21:40:00+00:00,2023-07-08T21:40:00+00:00,2023-07-15T21:40:00+00:00,669312,671304,6386,3446,9
32,2023-07-17T09:40:00+00:00,dual_inertia,trained,2023-07-15T21:40:00+00:00,2023-07-01T21:40:00+00:00,2023-07-08T21:40:00+00:00,2023-07-15T21:40:00+00:00,669312,671304,6386,3446,12
33,2023-07-18T09:40:00+00:00,no_inertia,trained,2023-07-16T21:40:00+00:00,2023-07-02T21:40:00+00:00,2023-07-09T21:40:00+00:00,2023-07-16T21:40:00+00:00,669312,671304,6361,3224,6
33,2023-07-18T09:40:00+00:00,b1_inertia,trained,2023-07-16T21:40:00+00:00,2023-07-02T21:40:00+00:00,2023-07-09T21:40:00+00:00,2023-07-16T21:40:00+00:00,669312,671304,6361,3224,9
33,2023-07-18T09:40:00+00:00,b2_inertia,trained,2023-07-16T21:40:00+00:00,2023-07-02T21:40:00+00:00,2023-07-09T21:40:00+00:00,2023-07-16T21:40:00+00:00,669312,671304,6361,3224,9
33,2023-07-18T09:40:00+00:00,dual_inertia,trained,2023-07-16T21:40:00+00:00,2023-07-02T21:40:00+00:00,2023-07-09T21:40:00+00:00,2023-07-16T21:40:00+00:00,669312,671304,6361,3224,12
34,2023-07-19T09:40:00+00:00,no_inertia,trained,2023-07-17T21:40:00+00:00,2023-07-03T21:40:00+00:00,2023-07-10T21:40:00+00:00,2023-07-17T21:40:00+00:00,669312,671304,5860,3171,6
34,2023-07-19T09:40:00+00:00,b1_inertia,trained,2023-07-17T21:40:00+00:00,2023-07-03T21:40:00+00:00,2023-07-10T21:40:00+00:00,2023-07-17T21:40:00+00:00,669312,671304,5860,3171,9
34,2023-07-19T09:40:00+00:00,b2_inertia,trained,2023-07-17T21:40:00+00:00,2023-07-03T21:40:00+00:00,2023-07-10T21:40:00+00:00,2023-07-17T21:40:00+00:00,669312,671304,5860,3171,9
34,2023-07-19T09:40:00+00:00,dual_inertia,trained,2023-07-17T21:40:00+00:00,2023-07-03T21:40:00+00:00,2023-07-10T21:40:00+00:00,2023-07-17T21:40:00+00:00,669312,671304,5860,3171,12
35,2023-07-20T09:40:00+00:00,no_inertia,trained,2023-07-18T21:40:00+00:00,2023-07-04T21:40:00+00:00,2023-07-11T21:40:00+00:00,2023-07-18T21:40:00+00:00,669312,671304,4124,3313,6
35,2023-07-20T09:40:00+00:00,b1_inertia,trained,2023-07-18T21:40:00+00:00,2023-07-04T21:40:00+00:00,2023-07-11T21:40:00+00:00,2023-07-18T21:40:00+00:00,669312,671304,4124,3313,9
35,2023-07-20T09:40:00+00:00,b2_inertia,trained,2023-07-18T21:40:00+00:00,2023-07-04T21:40:00+00:00,2023-07-11T21:40:00+00:00,2023-07-18T21:40:00+00:00,669312,671304,4124,3313,9
35,2023-07-20T09:40:00+00:00,dual_inertia,trained,2023-07-18T21:40:00+00:00,2023-07-04T21:40:00+00:00,2023-07-11T21:40:00+00:00,2023-07-18T21:40:00+00:00,669312,671304,4124,3313,12
36,2023-07-21T09:40:00+00:00,no_inertia,trained,2023-07-19T21:40:00+00:00,2023-07-05T21:40:00+00:00,2023-07-12T21:40:00+00:00,2023-07-19T21:40:00+00:00,669312,671304,3940,2687,6
36,2023-07-21T09:40:00+00:00,b1_inertia,trained,2023-07-19T21:40:00+00:00,2023-07-05T21:40:00+00:00,2023-07-12T21:40:00+00:00,2023-07-19T21:40:00+00:00,669312,671304,3940,2687,9
36,2023-07-21T09:40:00+00:00,b2_inertia,trained,2023-07-19T21:40:00+00:00,2023-07-05T21:40:00+00:00,2023-07-12T21:40:00+00:00,2023-07-19T21:40:00+00:00,669312,671304,3940,2687,9
36,2023-07-21T09:40:00+00:00,dual_inertia,trained,2023-07-19T21:40:00+00:00,2023-07-05T21:40:00+00:00,2023-07-12T21:40:00+00:00,2023-07-19T21:40:00+00:00,669312,671304,3940,2687,12
37,2023-07-22T09:40:00+00:00,no_inertia,trained,2023-07-20T21:40:00+00:00,2023-07-06T21:40:00+00:00,2023-07-13T21:40:00+00:00,2023-07-20T21:40:00+00:00,669312,671304,3732,1882,6
37,2023-07-22T09:40:00+00:00,b1_inertia,trained,2023-07-20T21:40:00+00:00,2023-07-06T21:40:00+00:00,2023-07-13T21:40:00+00:00,2023-07-20T21:40:00+00:00,669312,671304,3732,1882,9
37,2023-07-22T09:40:00+00:00,b2_inertia,trained,2023-07-20T21:40:00+00:00,2023-07-06T21:40:00+00:00,2023-07-13T21:40:00+00:00,2023-07-20T21:40:00+00:00,669312,671304,3732,1882,9
37,2023-07-22T09:40:00+00:00,dual_inertia,trained,2023-07-20T21:40:00+00:00,2023-07-06T21:40:00+00:00,2023-07-13T21:40:00+00:00,2023-07-20T21:40:00+00:00,669312,671304,3732,1882,12
38,2023-07-23T09:40:00+00:00,no_inertia,trained,2023-07-21T21:40:00+00:00,2023-07-07T21:40:00+00:00,2023-07-14T21:40:00+00:00,2023-07-21T21:40:00+00:00,669312,671304,3536,1992,6
38,2023-07-23T09:40:00+00:00,b1_inertia,trained,2023-07-21T21:40:00+00:00,2023-07-07T21:40:00+00:00,2023-07-14T21:40:00+00:00,2023-07-21T21:40:00+00:00,669312,671304,3536,1992,9
38,2023-07-23T09:40:00+00:00,b2_inertia,trained,2023-07-21T21:40:00+00:00,2023-07-07T21:40:00+00:00,2023-07-14T21:40:00+00:00,2023-07-21T21:40:00+00:00,669312,671304,3536,1992,9
38,2023-07-23T09:40:00+00:00,dual_inertia,trained,2023-07-21T21:40:00+00:00,2023-07-07T21:40:00+00:00,2023-07-14T21:40:00+00:00,2023-07-21T21:40:00+00:00,669312,671304,3536,1992,12
39,2023-07-24T09:40:00+00:00,no_inertia,trained,2023-07-22T21:40:00+00:00,2023-07-08T21:40:00+00:00,2023-07-15T21:40:00+00:00,2023-07-22T21:40:00+00:00,669312,671304,3439,1904,6
39,2023-07-24T09:40:00+00:00,b1_inertia,trained,2023-07-22T21:40:00+00:00,2023-07-08T21:40:00+00:00,2023-07-15T21:40:00+00:00,2023-07-22T21:40:00+00:00,669312,671304,3439,1904,9
39,2023-07-24T09:40:00+00:00,b2_inertia,trained,2023-07-22T21:40:00+00:00,2023-07-08T21:40:00+00:00,2023-07-15T21:40:00+00:00,2023-07-22T21:40:00+00:00,669312,671304,3439,1904,9
39,2023-07-24T09:40:00+00:00,dual_inertia,trained,2023-07-22T21:40:00+00:00,2023-07-08T21:40:00+00:00,2023-07-15T21:40:00+00:00,2023-07-22T21:40:00+00:00,669312,671304,3439,1904,12
40,2023-07-25T09:40:00+00:00,no_inertia,trained,2023-07-23T21:40:00+00:00,2023-07-09T21:40:00+00:00,2023-07-16T21:40:00+00:00,2023-07-23T21:40:00+00:00,669312,671304,3223,1929,6
40,2023-07-25T09:40:00+00:00,b1_inertia,trained,2023-07-23T21:40:00+00:00,2023-07-09T21:40:00+00:00,2023-07-16T21:40:00+00:00,2023-07-23T21:40:00+00:00,669312,671304,3223,1929,9
40,2023-07-25T09:40:00+00:00,b2_inertia,trained,2023-07-23T21:40:00+00:00,2023-07-09T21:40:00+00:00,2023-07-16T21:40:00+00:00,2023-07-23T21:40:00+00:00,669312,671304,3223,1929,9
40,2023-07-25T09:40:00+00:00,dual_inertia,trained,2023-07-23T21:40:00+00:00,2023-07-09T21:40:00+00:00,2023-07-16T21:40:00+00:00,2023-07-23T21:40:00+00:00,669312,671304,3223,1929,12
41,2023-07-26T09:40:00+00:00,no_inertia,trained,2023-07-24T21:40:00+00:00,2023-07-10T21:40:00+00:00,2023-07-17T21:40:00+00:00,2023-07-24T21:40:00+00:00,669312,671304,3161,3632,6
41,2023-07-26T09:40:00+00:00,b1_inertia,trained,2023-07-24T21:40:00+00:00,2023-07-10T21:40:00+00:00,2023-07-17T21:40:00+00:00,2023-07-24T21:40:00+00:00,669312,671304,3161,3632,9
41,2023-07-26T09:40:00+00:00,b2_inertia,trained,2023-07-24T21:40:00+00:00,2023-07-10T21:40:00+00:00,2023-07-17T21:40:00+00:00,2023-07-24T21:40:00+00:00,669312,671304,3161,3632,9
41,2023-07-26T09:40:00+00:00,dual_inertia,trained,2023-07-24T21:40:00+00:00,2023-07-10T21:40:00+00:00,2023-07-17T21:40:00+00:00,2023-07-24T21:40:00+00:00,669312,671304,3161,3632,12
42,2023-07-27T09:40:00+00:00,no_inertia,trained,2023-07-25T21:40:00+00:00,2023-07-11T21:40:00+00:00,2023-07-18T21:40:00+00:00,2023-07-25T21:40:00+00:00,669312,671304,3295,5743,6
42,2023-07-27T09:40:00+00:00,b1_inertia,trained,2023-07-25T21:40:00+00:00,2023-07-11T21:40:00+00:00,2023-07-18T21:40:00+00:00,2023-07-25T21:40:00+00:00,669312,671304,3295,5743,9
42,2023-07-27T09:40:00+00:00,b2_inertia,trained,2023-07-25T21:40:00+00:00,2023-07-11T21:40:00+00:00,2023-07-18T21:40:00+00:00,2023-07-25T21:40:00+00:00,669312,671304,3295,5743,9
42,2023-07-27T09:40:00+00:00,dual_inertia,trained,2023-07-25T21:40:00+00:00,2023-07-11T21:40:00+00:00,2023-07-18T21:40:00+00:00,2023-07-25T21:40:00+00:00,669312,671304,3295,5743,12
43,2023-07-28T09:40:00+00:00,no_inertia,trained,2023-07-26T21:40:00+00:00,2023-07-12T21:40:00+00:00,2023-07-19T21:40:00+00:00,2023-07-26T21:40:00+00:00,669312,671304,2687,6504,6
43,2023-07-28T09:40:00+00:00,b1_inertia,trained,2023-07-26T21:40:00+00:00,2023-07-12T21:40:00+00:00,2023-07-19T21:40:00+00:00,2023-07-26T21:40:00+00:00,669312,671304,2687,6504,9
43,2023-07-28T09:40:00+00:00,b2_inertia,trained,2023-07-26T21:40:00+00:00,2023-07-12T21:40:00+00:00,2023-07-19T21:40:00+00:00,2023-07-26T21:40:00+00:00,669312,671304,2687,6504,9
43,2023-07-28T09:40:00+00:00,dual_inertia,trained,2023-07-26T21:40:00+00:00,2023-07-12T21:40:00+00:00,2023-07-19T21:40:00+00:00,2023-07-26T21:40:00+00:00,669312,671304,2687,6504,12
44,2023-07-29T09:40:00+00:00,no_inertia,trained,2023-07-27T21:40:00+00:00,2023-07-13T21:40:00+00:00,2023-07-20T21:40:00+00:00,2023-07-27T21:40:00+00:00,669312,671304,1882,7589,6
44,2023-07-29T09:40:00+00:00,b1_inertia,trained,2023-07-27T21:40:00+00:00,2023-07-13T21:40:00+00:00,2023-07-20T21:40:00+00:00,2023-07-27T21:40:00+00:00,669312,671304,1882,7589,9
44,2023-07-29T09:40:00+00:00,b2_inertia,trained,2023-07-27T21:40:00+00:00,2023-07-13T21:40:00+00:00,2023-07-20T21:40:00+00:00,2023-07-27T21:40:00+00:00,669312,671304,1882,7589,9
44,2023-07-29T09:40:00+00:00,dual_inertia,trained,2023-07-27T21:40:00+00:00,2023-07-13T21:40:00+00:00,2023-07-20T21:40:00+00:00,2023-07-27T21:40:00+00:00,669312,671304,1882,7589,12
45,2023-07-30T09:40:00+00:00,no_inertia,trained,2023-07-28T21:40:00+00:00,2023-07-14T21:40:00+00:00,2023-07-21T21:40:00+00:00,2023-07-28T21:40:00+00:00,669312,671304,1986,7706,6
45,2023-07-30T09:40:00+00:00,b1_inertia,trained,2023-07-28T21:40:00+00:00,2023-07-14T21:40:00+00:00,2023-07-21T21:40:00+00:00,2023-07-28T21:40:00+00:00,669312,671304,1986,7706,9
45,2023-07-30T09:40:00+00:00,b2_inertia,trained,2023-07-28T21:40:00+00:00,2023-07-14T21:40:00+00:00,2023-07-21T21:40:00+00:00,2023-07-28T21:40:00+00:00,669312,671304,1986,7706,9
45,2023-07-30T09:40:00+00:00,dual_inertia,trained,2023-07-28T21:40:00+00:00,2023-07-14T21:40:00+00:00,2023-07-21T21:40:00+00:00,2023-07-28T21:40:00+00:00,669312,671304,1986,7706,12
46,2023-07-31T09:40:00+00:00,no_inertia,trained,2023-07-29T21:40:00+00:00,2023-07-15T21:40:00+00:00,2023-07-22T21:40:00+00:00,2023-07-29T21:40:00+00:00,669312,671304,1900,7709,6
46,2023-07-31T09:40:00+00:00,b1_inertia,trained,2023-07-29T21:40:00+00:00,2023-07-15T21:40:00+00:00,2023-07-22T21:40:00+00:00,2023-07-29T21:40:00+00:00,669312,671304,1900,7709,9
46,2023-07-31T09:40:00+00:00,b2_inertia,trained,2023-07-29T21:40:00+00:00,2023-07-15T21:40:00+00:00,2023-07-22T21:40:00+00:00,2023-07-29T21:40:00+00:00,669312,671304,1900,7709,9
46,2023-07-31T09:40:00+00:00,dual_inertia,trained,2023-07-29T21:40:00+00:00,2023-07-15T21:40:00+00:00,2023-07-22T21:40:00+00:00,2023-07-29T21:40:00+00:00,669312,671304,1900,7709,12
47,2023-08-01T09:40:00+00:00,no_inertia,trained,2023-07-30T21:40:00+00:00,2023-07-16T21:40:00+00:00,2023-07-23T21:40:00+00:00,2023-07-30T21:40:00+00:00,669312,671304,1926,8028,6
47,2023-08-01T09:40:00+00:00,b1_inertia,trained,2023-07-30T21:40:00+00:00,2023-07-16T21:40:00+00:00,2023-07-23T21:40:00+00:00,2023-07-30T21:40:00+00:00,669312,671304,1926,8028,9
47,2023-08-01T09:40:00+00:00,b2_inertia,trained,2023-07-30T21:40:00+00:00,2023-07-16T21:40:00+00:00,2023-07-23T21:40:00+00:00,2023-07-30T21:40:00+00:00,669312,671304,1926,8028,9
47,2023-08-01T09:40:00+00:00,dual_inertia,trained,2023-07-30T21:40:00+00:00,2023-07-16T21:40:00+00:00,2023-07-23T21:40:00+00:00,2023-07-30T21:40:00+00:00,669312,671304,1926,8028,12
48,2023-08-02T09:40:00+00:00,no_inertia,trained,2023-07-31T21:40:00+00:00,2023-07-17T21:40:00+00:00,2023-07-24T21:40:00+00:00,2023-07-31T21:40:00+00:00,669312,671304,3557,6472,6
48,2023-08-02T09:40:00+00:00,b1_inertia,trained,2023-07-31T21:40:00+00:00,2023-07-17T21:40:00+00:00,2023-07-24T21:40:00+00:00,2023-07-31T21:40:00+00:00,669312,671304,3557,6472,9
48,2023-08-02T09:40:00+00:00,b2_inertia,trained,2023-07-31T21:40:00+00:00,2023-07-17T21:40:00+00:00,2023-07-24T21:40:00+00:00,2023-07-31T21:40:00+00:00,669312,671304,3557,6472,9
48,2023-08-02T09:40:00+00:00,dual_inertia,trained,2023-07-31T21:40:00+00:00,2023-07-17T21:40:00+00:00,2023-07-24T21:40:00+00:00,2023-07-31T21:40:00+00:00,669312,671304,3557,6472,12
49,2023-08-03T09:40:00+00:00,no_inertia,trained,2023-08-01T21:40:00+00:00,2023-07-18T21:40:00+00:00,2023-07-25T21:40:00+00:00,2023-08-01T21:40:00+00:00,669312,671304,5710,4272,6
49,2023-08-03T09:40:00+00:00,b1_inertia,trained,2023-08-01T21:40:00+00:00,2023-07-18T21:40:00+00:00,2023-07-25T21:40:00+00:00,2023-08-01T21:40:00+00:00,669312,671304,5710,4272,9
49,2023-08-03T09:40:00+00:00,b2_inertia,trained,2023-08-01T21:40:00+00:00,2023-07-18T21:40:00+00:00,2023-07-25T21:40:00+00:00,2023-08-01T21:40:00+00:00,669312,671304,5710,4272,9
49,2023-08-03T09:40:00+00:00,dual_inertia,trained,2023-08-01T21:40:00+00:00,2023-07-18T21:40:00+00:00,2023-07-25T21:40:00+00:00,2023-08-01T21:40:00+00:00,669312,671304,5710,4272,12
50,2023-08-04T09:40:00+00:00,no_inertia,trained,2023-08-02T21:40:00+00:00,2023-07-19T21:40:00+00:00,2023-07-26T21:40:00+00:00,2023-08-02T21:40:00+00:00,669312,671304,6477,3994,6
50,2023-08-04T09:40:00+00:00,b1_inertia,trained,2023-08-02T21:40:00+00:00,2023-07-19T21:40:00+00:00,2023-07-26T21:40:00+00:00,2023-08-02T21:40:00+00:00,669312,671304,6477,3994,9
50,2023-08-04T09:40:00+00:00,b2_inertia,trained,2023-08-02T21:40:00+00:00,2023-07-19T21:40:00+00:00,2023-07-26T21:40:00+00:00,2023-08-02T21:40:00+00:00,669312,671304,6477,3994,9
50,2023-08-04T09:40:00+00:00,dual_inertia,trained,2023-08-02T21:40:00+00:00,2023-07-19T21:40:00+00:00,2023-07-26T21:40:00+00:00,2023-08-02T21:40:00+00:00,669312,671304,6477,3994,12
51,2023-08-05T09:40:00+00:00,no_inertia,trained,2023-08-03T21:40:00+00:00,2023-07-20T21:40:00+00:00,2023-07-27T21:40:00+00:00,2023-08-03T21:40:00+00:00,669312,671304,7575,3910,6
51,2023-08-05T09:40:00+00:00,b1_inertia,trained,2023-08-03T21:40:00+00:00,2023-07-20T21:40:00+00:00,2023-07-27T21:40:00+00:00,2023-08-03T21:40:00+00:00,669312,671304,7575,3910,9
51,2023-08-05T09:40:00+00:00,b2_inertia,trained,2023-08-03T21:40:00+00:00,2023-07-20T21:40:00+00:00,2023-07-27T21:40:00+00:00,2023-08-03T21:40:00+00:00,669312,671304,7575,3910,9
51,2023-08-05T09:40:00+00:00,dual_inertia,trained,2023-08-03T21:40:00+00:00,2023-07-20T21:40:00+00:00,2023-07-27T21:40:00+00:00,2023-08-03T21:40:00+00:00,669312,671304,7575,3910,12
52,2023-08-06T09:40:00+00:00,no_inertia,trained,2023-08-04T21:40:00+00:00,2023-07-21T21:40:00+00:00,2023-07-28T21:40:00+00:00,2023-08-04T21:40:00+00:00,669312,671304,7705,4126,6
52,2023-08-06T09:40:00+00:00,b1_inertia,trained,2023-08-04T21:40:00+00:00,2023-07-21T21:40:00+00:00,2023-07-28T21:40:00+00:00,2023-08-04T21:40:00+00:00,669312,671304,7705,4126,9
52,2023-08-06T09:40:00+00:00,b2_inertia,trained,2023-08-04T21:40:00+00:00,2023-07-21T21:40:00+00:00,2023-07-28T21:40:00+00:00,2023-08-04T21:40:00+00:00,669312,671304,7705,4126,9
52,2023-08-06T09:40:00+00:00,dual_inertia,trained,2023-08-04T21:40:00+00:00,2023-07-21T21:40:00+00:00,2023-07-28T21:40:00+00:00,2023-08-04T21:40:00+00:00,669312,671304,7705,4126,12
53,2023-08-07T09:40:00+00:00,no_inertia,trained,2023-08-05T21:40:00+00:00,2023-07-22T21:40:00+00:00,2023-07-29T21:40:00+00:00,2023-08-05T21:40:00+00:00,669312,671304,7700,4360,6
53,2023-08-07T09:40:00+00:00,b1_inertia,trained,2023-08-05T21:40:00+00:00,2023-07-22T21:40:00+00:00,2023-07-29T21:40:00+00:00,2023-08-05T21:40:00+00:00,669312,671304,7700,4360,9
53,2023-08-07T09:40:00+00:00,b2_inertia,trained,2023-08-05T21:40:00+00:00,2023-07-22T21:40:00+00:00,2023-07-29T21:40:00+00:00,2023-08-05T21:40:00+00:00,669312,671304,7700,4360,9
53,2023-08-07T09:40:00+00:00,dual_inertia,trained,2023-08-05T21:40:00+00:00,2023-07-22T21:40:00+00:00,2023-07-29T21:40:00+00:00,2023-08-05T21:40:00+00:00,669312,671304,7700,4360,12
54,2023-08-08T09:40:00+00:00,no_inertia,trained,2023-08-06T21:40:00+00:00,2023-07-23T21:40:00+00:00,2023-07-30T21:40:00+00:00,2023-08-06T21:40:00+00:00,669312,671304,8019,4923,6
54,2023-08-08T09:40:00+00:00,b1_inertia,trained,2023-08-06T21:40:00+00:00,2023-07-23T21:40:00+00:00,2023-07-30T21:40:00+00:00,2023-08-06T21:40:00+00:00,669312,671304,8019,4923,9
54,2023-08-08T09:40:00+00:00,b2_inertia,trained,2023-08-06T21:40:00+00:00,2023-07-23T21:40:00+00:00,2023-07-30T21:40:00+00:00,2023-08-06T21:40:00+00:00,669312,671304,8019,4923,9
54,2023-08-08T09:40:00+00:00,dual_inertia,trained,2023-08-06T21:40:00+00:00,2023-07-23T21:40:00+00:00,2023-07-30T21:40:00+00:00,2023-08-06T21:40:00+00:00,669312,671304,8019,4923,12
55,2023-08-09T09:40:00+00:00,no_inertia,trained,2023-08-07T21:40:00+00:00,2023-07-24T21:40:00+00:00,2023-07-31T21:40:00+00:00,2023-08-07T21:40:00+00:00,669312,671304,6459,7916,6
55,2023-08-09T09:40:00+00:00,b1_inertia,trained,2023-08-07T21:40:00+00:00,2023-07-24T21:40:00+00:00,2023-07-31T21:40:00+00:00,2023-08-07T21:40:00+00:00,669312,671304,6459,7916,9
55,2023-08-09T09:40:00+00:00,b2_inertia,trained,2023-08-07T21:40:00+00:00,2023-07-24T21:40:00+00:00,2023-07-31T21:40:00+00:00,2023-08-07T21:40:00+00:00,669312,671304,6459,7916,9
55,2023-08-09T09:40:00+00:00,dual_inertia,trained,2023-08-07T21:40:00+00:00,2023-07-24T21:40:00+00:00,2023-07-31T21:40:00+00:00,2023-08-07T21:40:00+00:00,669312,671304,6459,7916,12
56,2023-08-10T09:40:00+00:00,no_inertia,trained,2023-08-08T21:40:00+00:00,2023-07-25T21:40:00+00:00,2023-08-01T21:40:00+00:00,2023-08-08T21:40:00+00:00,669312,671304,4265,10133,6
56,2023-08-10T09:40:00+00:00,b1_inertia,trained,2023-08-08T21:40:00+00:00,2023-07-25T21:40:00+00:00,2023-08-01T21:40:00+00:00,2023-08-08T21:40:00+00:00,669312,671304,4265,10133,9
56,2023-08-10T09:40:00+00:00,b2_inertia,trained,2023-08-08T21:40:00+00:00,2023-07-25T21:40:00+00:00,2023-08-01T21:40:00+00:00,2023-08-08T21:40:00+00:00,669312,671304,4265,10133,9
56,2023-08-10T09:40:00+00:00,dual_inertia,trained,2023-08-08T21:40:00+00:00,2023-07-25T21:40:00+00:00,2023-08-01T21:40:00+00:00,2023-08-08T21:40:00+00:00,669312,671304,4265,10133,12
57,2023-08-11T09:40:00+00:00,no_inertia,trained,2023-08-09T21:40:00+00:00,2023-07-26T21:40:00+00:00,2023-08-02T21:40:00+00:00,2023-08-09T21:40:00+00:00,669312,671304,3966,9884,6
57,2023-08-11T09:40:00+00:00,b1_inertia,trained,2023-08-09T21:40:00+00:00,2023-07-26T21:40:00+00:00,2023-08-02T21:40:00+00:00,2023-08-09T21:40:00+00:00,669312,671304,3966,9884,9
57,2023-08-11T09:40:00+00:00,b2_inertia,trained,2023-08-09T21:40:00+00:00,2023-07-26T21:40:00+00:00,2023-08-02T21:40:00+00:00,2023-08-09T21:40:00+00:00,669312,671304,3966,9884,9
57,2023-08-11T09:40:00+00:00,dual_inertia,trained,2023-08-09T21:40:00+00:00,2023-07-26T21:40:00+00:00,2023-08-02T21:40:00+00:00,2023-08-09T21:40:00+00:00,669312,671304,3966,9884,12
58,2023-08-12T09:40:00+00:00,no_inertia,trained,2023-08-10T21:40:00+00:00,2023-07-27T21:40:00+00:00,2023-08-03T21:40:00+00:00,2023-08-10T21:40:00+00:00,669312,671304,3900,9395,6
58,2023-08-12T09:40:00+00:00,b1_inertia,trained,2023-08-10T21:40:00+00:00,2023-07-27T21:40:00+00:00,2023-08-03T21:40:00+00:00,2023-08-10T21:40:00+00:00,669312,671304,3900,9395,9
58,2023-08-12T09:40:00+00:00,b2_inertia,trained,2023-08-10T21:40:00+00:00,2023-07-27T21:40:00+00:00,2023-08-03T21:40:00+00:00,2023-08-10T21:40:00+00:00,669312,671304,3900,9395,9
58,2023-08-12T09:40:00+00:00,dual_inertia,trained,2023-08-10T21:40:00+00:00,2023-07-27T21:40:00+00:00,2023-08-03T21:40:00+00:00,2023-08-10T21:40:00+00:00,669312,671304,3900,9395,12
59,2023-08-13T09:40:00+00:00,no_inertia,trained,2023-08-11T21:40:00+00:00,2023-07-28T21:40:00+00:00,2023-08-04T21:40:00+00:00,2023-08-11T21:40:00+00:00,669312,671304,4110,9282,6
59,2023-08-13T09:40:00+00:00,b1_inertia,trained,2023-08-11T21:40:00+00:00,2023-07-28T21:40:00+00:00,2023-08-04T21:40:00+00:00,2023-08-11T21:40:00+00:00,669312,671304,4110,9282,9
59,2023-08-13T09:40:00+00:00,b2_inertia,trained,2023-08-11T21:40:00+00:00,2023-07-28T21:40:00+00:00,2023-08-04T21:40:00+00:00,2023-08-11T21:40:00+00:00,669312,671304,4110,9282,9
59,2023-08-13T09:40:00+00:00,dual_inertia,trained,2023-08-11T21:40:00+00:00,2023-07-28T21:40:00+00:00,2023-08-04T21:40:00+00:00,2023-08-11T21:40:00+00:00,669312,671304,4110,9282,12
60,2023-08-14T09:40:00+00:00,no_inertia,trained,2023-08-12T21:40:00+00:00,2023-07-29T21:40:00+00:00,2023-08-05T21:40:00+00:00,2023-08-12T21:40:00+00:00,669312,671304,4358,8999,6
60,2023-08-14T09:40:00+00:00,b1_inertia,trained,2023-08-12T21:40:00+00:00,2023-07-29T21:40:00+00:00,2023-08-05T21:40:00+00:00,2023-08-12T21:40:00+00:00,669312,671304,4358,8999,9
60,2023-08-14T09:40:00+00:00,b2_inertia,trained,2023-08-12T21:40:00+00:00,2023-07-29T21:40:00+00:00,2023-08-05T21:40:00+00:00,2023-08-12T21:40:00+00:00,669312,671304,4358,8999,9
60,2023-08-14T09:40:00+00:00,dual_inertia,trained,2023-08-12T21:40:00+00:00,2023-07-29T21:40:00+00:00,2023-08-05T21:40:00+00:00,2023-08-12T21:40:00+00:00,669312,671304,4358,8999,12
61,2023-08-15T09:40:00+00:00,no_inertia,trained,2023-08-13T21:40:00+00:00,2023-07-30T21:40:00+00:00,2023-08-06T21:40:00+00:00,2023-08-13T21:40:00+00:00,669312,671304,4877,9536,6
61,2023-08-15T09:40:00+00:00,b1_inertia,trained,2023-08-13T21:40:00+00:00,2023-07-30T21:40:00+00:00,2023-08-06T21:40:00+00:00,2023-08-13T21:40:00+00:00,669312,671304,4877,9536,9
61,2023-08-15T09:40:00+00:00,b2_inertia,trained,2023-08-13T21:40:00+00:00,2023-07-30T21:40:00+00:00,2023-08-06T21:40:00+00:00,2023-08-13T21:40:00+00:00,669312,671304,4877,9536,9
61,2023-08-15T09:40:00+00:00,dual_inertia,trained,2023-08-13T21:40:00+00:00,2023-07-30T21:40:00+00:00,2023-08-06T21:40:00+00:00,2023-08-13T21:40:00+00:00,669312,671304,4877,9536,12
62,2023-08-16T09:40:00+00:00,no_inertia,trained,2023-08-14T21:40:00+00:00,2023-07-31T21:40:00+00:00,2023-08-07T21:40:00+00:00,2023-08-14T21:40:00+00:00,669312,671304,7828,7725,6
62,2023-08-16T09:40:00+00:00,b1_inertia,trained,2023-08-14T21:40:00+00:00,2023-07-31T21:40:00+00:00,2023-08-07T21:40:00+00:00,2023-08-14T21:40:00+00:00,669312,671304,7828,7725,9
62,2023-08-16T09:40:00+00:00,b2_inertia,trained,2023-08-14T21:40:00+00:00,2023-07-31T21:40:00+00:00,2023-08-07T21:40:00+00:00,2023-08-14T21:40:00+00:00,669312,671304,7828,7725,9
62,2023-08-16T09:40:00+00:00,dual_inertia,trained,2023-08-14T21:40:00+00:00,2023-07-31T21:40:00+00:00,2023-08-07T21:40:00+00:00,2023-08-14T21:40:00+00:00,669312,671304,7828,7725,12
63,2023-08-17T09:40:00+00:00,no_inertia,trained,2023-08-15T21:40:00+00:00,2023-08-01T21:40:00+00:00,2023-08-08T21:40:00+00:00,2023-08-15T21:40:00+00:00,669312,671304,10117,5541,6
63,2023-08-17T09:40:00+00:00,b1_inertia,trained,2023-08-15T21:40:00+00:00,2023-08-01T21:40:00+00:00,2023-08-08T21:40:00+00:00,2023-08-15T21:40:00+00:00,669312,671304,10117,5541,9
63,2023-08-17T09:40:00+00:00,b2_inertia,trained,2023-08-15T21:40:00+00:00,2023-08-01T21:40:00+00:00,2023-08-08T21:40:00+00:00,2023-08-15T21:40:00+00:00,669312,671304,10117,5541,9
63,2023-08-17T09:40:00+00:00,dual_inertia,trained,2023-08-15T21:40:00+00:00,2023-08-01T21:40:00+00:00,2023-08-08T21:40:00+00:00,2023-08-15T21:40:00+00:00,669312,671304,10117,5541,12
