origin_idx,origin_time,model,hits_at_100,positives,decision_times,gpu_count,positive_queries,recall_at_100,ndcg_sum_positive_queries,pr_auc
0,2023-06-15T09:40:00+00:00,B1,59,1575,48,1992,48,0.03746031746031746,2.1688575196229696,0.015965829721825794
0,2023-06-15T09:40:00+00:00,B2,190,1575,48,1992,48,0.12063492063492064,1.4422080243482727,0.0176680261243241
0,2023-06-15T09:40:00+00:00,Experiment14_Fusion,190,1575,48,1992,48,0.12063492063492064,1.4422080243482727,0.0176680261243241
0,2023-06-15T09:40:00+00:00,no_inertia,190,1575,48,1992,48,0.12063492063492064,1.4422080243482727,0.0176680261243241
0,2023-06-15T09:40:00+00:00,b1_inertia,190,1575,48,1992,48,0.12063492063492064,1.4422080243482727,0.0176680261243241
0,2023-06-15T09:40:00+00:00,b2_inertia,190,1575,48,1992,48,0.12063492063492064,1.4422080243482727,0.0176680261243241
0,2023-06-15T09:40:00+00:00,dual_inertia,190,1575,48,1992,48,0.12063492063492064,1.4422080243482727,0.0176680261243241
1,2023-06-16T09:40:00+00:00,B1,20,528,48,1992,48,0.03787878787878788,0.8924377623556599,0.0057826151249822655
1,2023-06-16T09:40:00+00:00,B2,0,528,48,1992,48,0.0,0.0,0.00620495958661346
1,2023-06-16T09:40:00+00:00,Experiment14_Fusion,0,528,48,1992,48,0.0,0.0,0.00620495958661346
1,2023-06-16T09:40:00+00:00,no_inertia,0,528,48,1992,48,0.0,0.0,0.00620495958661346
1,2023-06-16T09:40:00+00:00,b1_inertia,0,528,48,1992,48,0.0,0.0,0.00620495958661346
1,2023-06-16T09:40:00+00:00,b2_inertia,0,528,48,1992,48,0.0,0.0,0.00620495958661346
1,2023-06-16T09:40:00+00:00,dual_inertia,0,528,48,1992,48,0.0,0.0,0.00620495958661346
2,2023-06-17T09:40:00+00:00,B1,1,438,48,1992,48,0.00228310502283105,0.03689601443280025,0.0035722192749140782
2,2023-06-17T09:40:00+00:00,B2,11,438,48,1992,48,0.02511415525114155,0.4895829301381129,0.00573697438857296
2,2023-06-17T09:40:00+00:00,Experiment14_Fusion,11,438,48,1992,48,0.02511415525114155,0.4895829301381129,0.00573697438857296
2,2023-06-17T09:40:00+00:00,no_inertia,11,438,48,1992,48,0.02511415525114155,0.4895829301381129,0.00573697438857296
2,2023-06-17T09:40:00+00:00,b1_inertia,11,438,48,1992,48,0.02511415525114155,0.4895829301381129,0.00573697438857296
2,2023-06-17T09:40:00+00:00,b2_inertia,11,438,48,1992,48,0.02511415525114155,0.4895829301381129,0.00573697438857296
2,2023-06-17T09:40:00+00:00,dual_inertia,11,438,48,1992,48,0.02511415525114155,0.4895829301381129,0.00573697438857296
3,2023-06-18T09:40:00+00:00,B1,184,1353,48,1992,48,0.1359940872135994,3.925727287681361,0.024664310834870112
3,2023-06-18T09:40:00+00:00,B2,125,1353,48,1992,48,0.09238728750923873,3.035501043353481,0.019681984113829903
3,2023-06-18T09:40:00+00:00,Experiment14_Fusion,190,1353,48,1992,48,0.14042867701404288,4.01853360652435,0.02438209052368357
3,2023-06-18T09:40:00+00:00,no_inertia,125,1353,48,1992,48,0.09238728750923873,3.035501043353481,0.019681984113829903
3,2023-06-18T09:40:00+00:00,b1_inertia,125,1353,48,1992,48,0.09238728750923873,3.035501043353481,0.019681984113829903
3,2023-06-18T09:40:00+00:00,b2_inertia,125,1353,48,1992,48,0.09238728750923873,3.035501043353481,0.019681984113829903
3,2023-06-18T09:40:00+00:00,dual_inertia,125,1353,48,1992,48,0.09238728750923873,3.035501043353481,0.019681984113829903
4,2023-06-19T09:40:00+00:00,B1,66,2026,48,1992,48,0.03257650542941757,0.6861239389398424,0.026470380139935034
4,2023-06-19T09:40:00+00:00,B2,0,2026,48,1992,48,0.0,0.0,0.020837093949240458
4,2023-06-19T09:40:00+00:00,Experiment14_Fusion,75,2026,48,1992,48,0.037018756169792694,0.7812084831155113,0.02610473056927657
4,2023-06-19T09:40:00+00:00,no_inertia,0,2026,48,1992,48,0.0,0.0,0.020837093949240458
4,2023-06-19T09:40:00+00:00,b1_inertia,0,2026,48,1992,48,0.0,0.0,0.020837093949240458
4,2023-06-19T09:40:00+00:00,b2_inertia,0,2026,48,1992,48,0.0,0.0,0.020837093949240458
4,2023-06-19T09:40:00+00:00,dual_inertia,0,2026,48,1992,48,0.0,0.0,0.020837093949240458
5,2023-06-20T09:40:00+00:00,B1,369,1265,48,1992,48,0.291699604743083,9.154272082525324,0.06739980170454817
5,2023-06-20T09:40:00+00:00,B2,0,1265,48,1992,48,0.0,0.0,0.011638100432747786
5,2023-06-20T09:40:00+00:00,Experiment14_Fusion,342,1265,48,1992,48,0.27035573122529644,8.175298581348706,0.06094622802311476
5,2023-06-20T09:40:00+00:00,no_inertia,0,1265,48,1992,48,0.0,0.0,0.011638100432747786
5,2023-06-20T09:40:00+00:00,b1_inertia,0,1265,48,1992,48,0.0,0.0,0.011638100432747786
5,2023-06-20T09:40:00+00:00,b2_inertia,0,1265,48,1992,48,0.0,0.0,0.011638100432747786
5,2023-06-20T09:40:00+00:00,dual_inertia,0,1265,48,1992,48,0.0,0.0,0.011638100432747786
6,2023-06-21T09:40:00+00:00,B1,52,415,48,1992,48,0.12530120481927712,2.1529889115581646,0.007305554772297869
6,2023-06-21T09:40:00+00:00,B2,0,415,48,1992,48,0.0,0.0,0.004825977153907122
6,2023-06-21T09:40:00+00:00,Experiment14_Fusion,51,415,48,1992,48,0.12289156626506025,2.08791205837084,0.007033265262883922
6,2023-06-21T09:40:00+00:00,no_inertia,0,415,48,1992,48,0.0,0.0,0.004825977153907122
6,2023-06-21T09:40:00+00:00,b1_inertia,0,415,48,1992,48,0.0,0.0,0.004825977153907122
6,2023-06-21T09:40:00+00:00,b2_inertia,0,415,48,1992,48,0.0,0.0,0.004825977153907122
6,2023-06-21T09:40:00+00:00,dual_inertia,0,415,48,1992,48,0.0,0.0,0.004825977153907122
7,2023-06-22T09:40:00+00:00,B1,58,440,48,1992,43,0.1318181818181818,1.8782168458085835,0.012429718072602063
7,2023-06-22T09:40:00+00:00,B2,0,440,48,1992,43,0.0,0.0,0.0027681726651488507
7,2023-06-22T09:40:00+00:00,Experiment14_Fusion,54,440,48,1992,43,0.12272727272727273,1.7180438479271622,0.011149242009883225
7,2023-06-22T09:40:00+00:00,no_inertia,0,440,48,1992,43,0.0,0.0,0.0027681726651488507
7,2023-06-22T09:40:00+00:00,b1_inertia,0,440,48,1992,43,0.0,0.0,0.0027681726651488507
7,2023-06-22T09:40:00+00:00,b2_inertia,0,440,48,1992,43,0.0,0.0,0.0027681726651488507
7,2023-06-22T09:40:00+00:00,dual_inertia,0,440,48,1992,43,0.0,0.0,0.0027681726651488507
8,2023-06-23T09:40:00+00:00,B1,98,2442,48,1992,38,0.04013104013104013,1.48282294850918,0.02031771672346228
8,2023-06-23T09:40:00+00:00,B2,236,2442,48,1992,38,0.09664209664209664,2.5176094505570674,0.018735929523463868
8,2023-06-23T09:40:00+00:00,Experiment14_Fusion,97,2442,48,1992,38,0.039721539721539724,1.4742760919182738,0.019774665873804845
8,2023-06-23T09:40:00+00:00,no_inertia,236,2442,48,1992,38,0.09664209664209664,2.5176094505570674,0.018735929523463868
8,2023-06-23T09:40:00+00:00,b1_inertia,236,2442,48,1992,38,0.09664209664209664,2.5176094505570674,0.018735929523463868
8,2023-06-23T09:40:00+00:00,b2_inertia,236,2442,48,1992,38,0.09664209664209664,2.5176094505570674,0.018735929523463868
8,2023-06-23T09:40:00+00:00,dual_inertia,236,2442,48,1992,38,0.09664209664209664,2.5176094505570674,0.018735929523463868
9,2023-06-24T09:40:00+00:00,B1,263,2105,48,1992,48,0.12494061757719715,4.14384862290817,0.04003407729578731
9,2023-06-24T09:40:00+00:00,B2,219,2105,48,1992,48,0.10403800475059383,3.1972995358192673,0.022325108386354618
9,2023-06-24T09:40:00+00:00,Experiment14_Fusion,261,2105,48,1992,48,0.12399049881235154,4.159509397036755,0.04001179116048821
9,2023-06-24T09:40:00+00:00,no_inertia,219,2105,48,1992,48,0.10403800475059383,3.1972995358192673,0.022325108386354618
9,2023-06-24T09:40:00+00:00,b1_inertia,219,2105,48,1992,48,0.10403800475059383,3.1972995358192673,0.022325108386354618
9,2023-06-24T09:40:00+00:00,b2_inertia,219,2105,48,1992,48,0.10403800475059383,3.1972995358192673,0.022325108386354618
9,2023-06-24T09:40:00+00:00,dual_inertia,219,2105,48,1992,48,0.10403800475059383,3.1972995358192673,0.022325108386354618
10,2023-06-25T09:40:00+00:00,B1,0,38,48,1992,23,0.0,0.0,0.00043237715489828404
10,2023-06-25T09:40:00+00:00,B2,0,38,48,1992,23,0.0,0.0,0.0004446733875125888
10,2023-06-25T09:40:00+00:00,Experiment14_Fusion,0,38,48,1992,23,0.0,0.0,0.00043168521690058263
10,2023-06-25T09:40:00+00:00,no_inertia,0,38,48,1992,23,0.0,0.0,0.0004446733875125888
10,2023-06-25T09:40:00+00:00,b1_inertia,0,38,48,1992,23,0.0,0.0,0.0004446733875125888
10,2023-06-25T09:40:00+00:00,b2_inertia,0,38,48,1992,23,0.0,0.0,0.0004446733875125888
10,2023-06-25T09:40:00+00:00,dual_inertia,0,38,48,1992,23,0.0,0.0,0.0004446733875125888
11,2023-06-26T09:40:00+00:00,B1,52,533,48,1992,48,0.0975609756097561,2.0486067921866415,0.011341731480519078
11,2023-06-26T09:40:00+00:00,B2,0,533,48,1992,48,0.0,0.0,0.004758179633581062
11,2023-06-26T09:40:00+00:00,Experiment14_Fusion,50,533,48,1992,48,0.09380863039399624,1.976186850033867,0.010793737063739596
11,2023-06-26T09:40:00+00:00,no_inertia,0,533,48,1992,48,0.0,0.0,0.004758179633581062
11,2023-06-26T09:40:00+00:00,b1_inertia,0,533,48,1992,48,0.0,0.0,0.004758179633581062
11,2023-06-26T09:40:00+00:00,b2_inertia,0,533,48,1992,48,0.0,0.0,0.004758179633581062
11,2023-06-26T09:40:00+00:00,dual_inertia,0,533,48,1992,48,0.0,0.0,0.004758179633581062
12,2023-06-27T09:40:00+00:00,B1,0,38,48,1992,28,0.0,0.0,0.0007248323567755917
12,2023-06-27T09:40:00+00:00,B2,0,38,48,1992,28,0.0,0.0,0.0005218861939198114
12,2023-06-27T09:40:00+00:00,Experiment14_Fusion,0,38,48,1992,28,0.0,0.0,0.0007184380580806824
12,2023-06-27T09:40:00+00:00,no_inertia,0,38,48,1992,28,0.0,0.0,0.0005218861939198114
12,2023-06-27T09:40:00+00:00,b1_inertia,0,38,48,1992,28,0.0,0.0,0.0005218861939198114
12,2023-06-27T09:40:00+00:00,b2_inertia,0,38,48,1992,28,0.0,0.0,0.0005218861939198114
12,2023-06-27T09:40:00+00:00,dual_inertia,0,38,48,1992,28,0.0,0.0,0.0005218861939198114
13,2023-06-28T09:40:00+00:00,B1,94,750,48,1992,48,0.12533333333333332,2.3354991921006976,0.013417233316385446
13,2023-06-28T09:40:00+00:00,B2,7,750,48,1992,48,0.009333333333333334,0.09501084082096457,0.007099998105783458
13,2023-06-28T09:40:00+00:00,Experiment14_Fusion,93,750,48,1992,48,0.124,2.297106181842513,0.01332706653653148
13,2023-06-28T09:40:00+00:00,no_inertia,7,750,48,1992,48,0.009333333333333334,0.09501084082096457,0.007099998105783458
13,2023-06-28T09:40:00+00:00,b1_inertia,7,750,48,1992,48,0.009333333333333334,0.09501084082096457,0.007099998105783458
13,2023-06-28T09:40:00+00:00,b2_inertia,7,750,48,1992,48,0.009333333333333334,0.09501084082096457,0.007099998105783458
13,2023-06-28T09:40:00+00:00,dual_inertia,7,750,48,1992,48,0.009333333333333334,0.09501084082096457,0.007099998105783458
14,2023-06-29T09:40:00+00:00,B1,108,1395,48,1992,48,0.07741935483870968,2.278681455498959,0.025313445587509874
14,2023-06-29T09:40:00+00:00,B2,41,1395,48,1992,48,0.02939068100358423,0.790614575408771,0.014932581294478822
14,2023-06-29T09:40:00+00:00,Experiment14_Fusion,108,1395,48,1992,48,0.07741935483870968,2.2741325750456767,0.025257296856403835
14,2023-06-29T09:40:00+00:00,no_inertia,41,1395,48,1992,48,0.02939068100358423,0.790614575408771,0.014932581294478822
14,2023-06-29T09:40:00+00:00,b1_inertia,41,1395,48,1992,48,0.02939068100358423,0.790614575408771,0.014932581294478822
14,2023-06-29T09:40:00+00:00,b2_inertia,41,1395,48,1992,48,0.02939068100358423,0.790614575408771,0.014932581294478822
14,2023-06-29T09:40:00+00:00,dual_inertia,41,1395,48,1992,48,0.02939068100358423,0.790614575408771,0.014932581294478822
15,2023-06-30T09:40:00+00:00,B1,6,164,48,1992,37,0.036585365853658534,0.34348328175855636,0.001756362371199874
15,2023-06-30T09:40:00+00:00,B2,0,164,48,1992,37,0.0,0.0,0.001100806521756781
15,2023-06-30T09:40:00+00:00,Experiment14_Fusion,6,164,48,1992,37,0.036585365853658534,0.3437216159504111,0.0017194251659990649
15,2023-06-30T09:40:00+00:00,no_inertia,0,164,48,1992,37,0.0,0.0,0.001100806521756781
15,2023-06-30T09:40:00+00:00,b1_inertia,0,164,48,1992,37,0.0,0.0,0.001100806521756781
15,2023-06-30T09:40:00+00:00,b2_inertia,0,164,48,1992,37,0.0,0.0,0.001100806521756781
15,2023-06-30T09:40:00+00:00,dual_inertia,0,164,48,1992,37,0.0,0.0,0.001100806521756781
16,2023-07-01T09:40:00+00:00,B1,21,386,48,1992,48,0.054404145077720206,1.5009713964919387,0.006301809151841723
16,2023-07-01T09:40:00+00:00,B2,0,386,48,1992,48,0.0,0.0,0.003177220563582918
16,2023-07-01T09:40:00+00:00,Experiment14_Fusion,20,386,48,1992,48,0.05181347150259067,1.4559436008395945,0.006242079655759284
16,2023-07-01T09:40:00+00:00,no_inertia,23,386,48,1992,48,0.05958549222797927,1.113698189618606,0.004642558667425021
16,2023-07-01T09:40:00+00:00,b1_inertia,29,386,48,1992,48,0.07512953367875648,1.3939391728811452,0.004621921824478107
16,2023-07-01T09:40:00+00:00,b2_inertia,23,386,48,1992,48,0.05958549222797927,1.1142340849130603,0.004640791674662021
16,2023-07-01T09:40:00+00:00,dual_inertia,29,386,48,1992,48,0.07512953367875648,1.3961762486673184,0.004624068657258355
17,2023-07-02T09:40:00+00:00,B1,31,471,48,1992,48,0.06581740976645435,1.2424178499713225,0.007187725174243659
17,2023-07-02T09:40:00+00:00,B2,0,471,48,1992,48,0.0,0.0,0.006387981297770687
17,2023-07-02T09:40:00+00:00,Experiment14_Fusion,31,471,48,1992,48,0.06581740976645435,1.2485358981569379,0.007271582177849588
17,2023-07-02T09:40:00+00:00,no_inertia,30,471,48,1992,48,0.06369426751592357,1.035723538744077,0.008322870239572008
17,2023-07-02T09:40:00+00:00,b1_inertia,22,471,48,1992,48,0.04670912951167728,0.7463993654609608,0.00882259112041801
17,2023-07-02T09:40:00+00:00,b2_inertia,30,471,48,1992,48,0.06369426751592357,1.035723538744077,0.00832751463518889
17,2023-07-02T09:40:00+00:00,dual_inertia,22,471,48,1992,48,0.04670912951167728,0.7467909298273518,0.008825193539093001
18,2023-07-03T09:40:00+00:00,B1,101,1956,48,1992,48,0.0516359918200409,2.0467683009956197,0.027722288767920197
18,2023-07-03T09:40:00+00:00,B2,325,1956,48,1992,48,0.1661554192229039,4.910283254604151,0.018288468874146528
18,2023-07-03T09:40:00+00:00,Experiment14_Fusion,101,1956,48,1992,48,0.0516359918200409,2.0488433221019564,0.02767018235672322
18,2023-07-03T09:40:00+00:00,no_inertia,101,1956,48,1992,48,0.0516359918200409,1.8196442025591502,0.020690985107020325
18,2023-07-03T09:40:00+00:00,b1_inertia,84,1956,48,1992,48,0.04294478527607362,2.1048696852243642,0.021145895949370087
18,2023-07-03T09:40:00+00:00,b2_inertia,101,1956,48,1992,48,0.0516359918200409,1.8192989267545214,0.020689131909932677
18,2023-07-03T09:40:00+00:00,dual_inertia,85,1956,48,1992,48,0.0434560327198364,2.12279757615383,0.021150309287034465
19,2023-07-04T09:40:00+00:00,B1,264,1299,48,1992,48,0.20323325635103925,6.9220253032378505,0.03916530045521853
19,2023-07-04T09:40:00+00:00,B2,208,1299,48,1992,48,0.1601231716705158,5.464960140481985,0.012535631854907626
19,2023-07-04T09:40:00+00:00,Experiment14_Fusion,260,1299,48,1992,48,0.20015396458814472,6.881452492109828,0.03894668874460523
19,2023-07-04T09:40:00+00:00,no_inertia,148,1299,48,1992,48,0.11393379522709776,4.673563173603247,0.02045227261314259
19,2023-07-04T09:40:00+00:00,b1_inertia,148,1299,48,1992,48,0.11393379522709776,4.962957740199603,0.021494021292503794
19,2023-07-04T09:40:00+00:00,b2_inertia,148,1299,48,1992,48,0.11393379522709776,4.673563173603247,0.0204543121734556
19,2023-07-04T09:40:00+00:00,dual_inertia,148,1299,48,1992,48,0.11393379522709776,4.963194210004577,0.02150113282598222
20,2023-07-05T09:40:00+00:00,B1,133,1621,48,1992,48,0.08204811844540408,2.4803722149451044,0.025473068313759187
20,2023-07-05T09:40:00+00:00,B2,7,1621,48,1992,48,0.00431832202344232,0.12012716101108273,0.021840134359704107
20,2023-07-05T09:40:00+00:00,Experiment14_Fusion,134,1621,48,1992,48,0.08266502159161011,2.4891096214372666,0.025986574765494912
20,2023-07-05T09:40:00+00:00,no_inertia,137,1621,48,1992,48,0.08451573103022826,2.4610696580496088,0.026794493646198514
20,2023-07-05T09:40:00+00:00,b1_inertia,148,1621,48,1992,48,0.09130166563849476,2.7910417174772917,0.02811621286837919
20,2023-07-05T09:40:00+00:00,b2_inertia,137,1621,48,1992,48,0.08451573103022826,2.4612668683459784,0.026794317399599775
20,2023-07-05T09:40:00+00:00,dual_inertia,148,1621,48,1992,48,0.09130166563849476,2.790955927870294,0.02811628671572796
21,2023-07-06T09:40:00+00:00,B1,55,262,48,1992,48,0.2099236641221374,3.6630987514566753,0.005741425485799692
21,2023-07-06T09:40:00+00:00,B2,26,262,48,1992,48,0.09923664122137404,0.764603499782153,0.0025630195874624686
21,2023-07-06T09:40:00+00:00,Experiment14_Fusion,56,262,48,1992,48,0.21374045801526717,3.6854995974145,0.005685722778110773
21,2023-07-06T09:40:00+00:00,no_inertia,39,262,48,1992,48,0.14885496183206107,1.4852146332113954,0.004062722651252596
21,2023-07-06T09:40:00+00:00,b1_inertia,54,262,48,1992,48,0.20610687022900764,2.6172256620942393,0.004282592613919467
21,2023-07-06T09:40:00+00:00,b2_inertia,39,262,48,1992,48,0.14885496183206107,1.4856270902023314,0.004064161058496751
21,2023-07-06T09:40:00+00:00,dual_inertia,54,262,48,1992,48,0.20610687022900764,2.6176129265214003,0.004285758995337623
22,2023-07-07T09:40:00+00:00,B1,0,413,48,1992,48,0.0,0.0,0.004322980944340614
22,2023-07-07T09:40:00+00:00,B2,0,413,48,1992,48,0.0,0.0,0.005420017485018719
22,2023-07-07T09:40:00+00:00,Experiment14_Fusion,0,413,48,1992,48,0.0,0.0,0.004324549191770534
22,2023-07-07T09:40:00+00:00,no_inertia,0,413,48,1992,48,0.0,0.0,0.0053004394139289715
22,2023-07-07T09:40:00+00:00,b1_inertia,0,413,48,1992,48,0.0,0.0,0.005445375290980565
22,2023-07-07T09:40:00+00:00,b2_inertia,0,413,48,1992,48,0.0,0.0,0.005301370177434784
22,2023-07-07T09:40:00+00:00,dual_inertia,0,413,48,1992,48,0.0,0.0,0.005446065613107394
23,2023-07-08T09:40:00+00:00,B1,54,376,48,1992,48,0.14361702127659576,2.210058248616212,0.008339023327742607
23,2023-07-08T09:40:00+00:00,B2,0,376,48,1992,48,0.0,0.0,0.004012057190878323
23,2023-07-08T09:40:00+00:00,Experiment14_Fusion,55,376,48,1992,48,0.14627659574468085,2.249147689761183,0.008208749716293026
23,2023-07-08T09:40:00+00:00,no_inertia,0,376,48,1992,48,0.0,0.0,0.0047503674519800854
23,2023-07-08T09:40:00+00:00,b1_inertia,0,376,48,1992,48,0.0,0.0,0.004987667775696413
23,2023-07-08T09:40:00+00:00,b2_inertia,0,376,48,1992,48,0.0,0.0,0.004752083531429715
23,2023-07-08T09:40:00+00:00,dual_inertia,0,376,48,1992,48,0.0,0.0,0.004987695914596786
24,2023-07-09T09:40:00+00:00,B1,19,355,48,1992,48,0.05352112676056338,0.7752205919017576,0.004884023707872517
24,2023-07-09T09:40:00+00:00,B2,4,355,48,1992,48,0.011267605633802818,0.18599789986512297,0.0028415505016130566
24,2023-07-09T09:40:00+00:00,Experiment14_Fusion,19,355,48,1992,48,0.05352112676056338,0.7710143206661142,0.004546443430211882
24,2023-07-09T09:40:00+00:00,no_inertia,4,355,48,1992,48,0.011267605633802818,0.201853868137533,0.00267646738515167
24,2023-07-09T09:40:00+00:00,b1_inertia,4,355,48,1992,48,0.011267605633802818,0.20872288544720874,0.0028553702136735874
24,2023-07-09T09:40:00+00:00,b2_inertia,4,355,48,1992,48,0.011267605633802818,0.201853868137533,0.0026764497559233543
24,2023-07-09T09:40:00+00:00,dual_inertia,4,355,48,1992,48,0.011267605633802818,0.20872288544720874,0.002855448937177881
25,2023-07-10T09:40:00+00:00,B1,71,559,48,1992,48,0.12701252236135957,2.8207591819992945,0.010277792641197043
25,2023-07-10T09:40:00+00:00,B2,44,559,48,1992,48,0.07871198568872988,2.005213784532649,0.007347100153353698
25,2023-07-10T09:40:00+00:00,Experiment14_Fusion,69,559,48,1992,48,0.12343470483005367,2.747141279171308,0.010404172913700523
25,2023-07-10T09:40:00+00:00,no_inertia,44,559,48,1992,48,0.07871198568872988,2.198767495235108,0.007821173740426268
25,2023-07-10T09:40:00+00:00,b1_inertia,44,559,48,1992,48,0.07871198568872988,2.1203928045487768,0.009175099626618926
25,2023-07-10T09:40:00+00:00,b2_inertia,44,559,48,1992,48,0.07871198568872988,2.198767495235108,0.007821093539530852
25,2023-07-10T09:40:00+00:00,dual_inertia,44,559,48,1992,48,0.07871198568872988,2.1193725906697707,0.009176637470843031
26,2023-07-11T09:40:00+00:00,B1,36,456,48,1992,45,0.07894736842105263,1.7211913871857847,0.0068767001016734105
26,2023-07-11T09:40:00+00:00,B2,0,456,48,1992,45,0.0,0.0,0.006882362166151549
26,2023-07-11T09:40:00+00:00,Experiment14_Fusion,36,456,48,1992,45,0.07894736842105263,1.7192486278851247,0.0069116354462819204
26,2023-07-11T09:40:00+00:00,no_inertia,16,456,48,1992,45,0.03508771929824561,0.2774518111918205,0.008207156053158006
26,2023-07-11T09:40:00+00:00,b1_inertia,19,456,48,1992,45,0.041666666666666664,0.3367250048684411,0.007320087608171352
26,2023-07-11T09:40:00+00:00,b2_inertia,16,456,48,1992,45,0.03508771929824561,0.27753279777212697,0.008210573378143252
26,2023-07-11T09:40:00+00:00,dual_inertia,19,456,48,1992,45,0.041666666666666664,0.3367628342911911,0.007317472769999533
27,2023-07-12T09:40:00+00:00,B1,259,1376,48,1992,48,0.1882267441860465,5.989663845313897,0.035978531723442925
27,2023-07-12T09:40:00+00:00,B2,27,1376,48,1992,48,0.019622093023255814,0.569456148931977,0.032818322942871514
27,2023-07-12T09:40:00+00:00,Experiment14_Fusion,261,1376,48,1992,48,0.18968023255813954,6.040460909560187,0.03650141540298709
27,2023-07-12T09:40:00+00:00,no_inertia,188,1376,48,1992,48,0.13662790697674418,3.6320194497810094,0.045079385529274575
27,2023-07-12T09:40:00+00:00,b1_inertia,251,1376,48,1992,48,0.1824127906976744,4.842192652292337,0.049332890917429296
27,2023-07-12T09:40:00+00:00,b2_inertia,188,1376,48,1992,48,0.13662790697674418,3.632157998871027,0.0450626233409371
27,2023-07-12T09:40:00+00:00,dual_inertia,251,1376,48,1992,48,0.1824127906976744,4.842355476975422,0.049336375407804285
28,2023-07-13T09:40:00+00:00,B1,14,125,48,1992,5,0.112,0.30933676617160694,0.0025174660052262538
28,2023-07-13T09:40:00+00:00,B2,77,125,48,1992,5,0.616,1.8351482948250488,0.014970185589438755
28,2023-07-13T09:40:00+00:00,Experiment14_Fusion,17,125,48,1992,5,0.136,0.37086841809477106,0.0035090711606299385
28,2023-07-13T09:40:00+00:00,no_inertia,77,125,48,1992,5,0.616,1.923328280927127,0.014189087889898356
28,2023-07-13T09:40:00+00:00,b1_inertia,87,125,48,1992,5,0.696,2.233661769228045,0.016482717605879507
28,2023-07-13T09:40:00+00:00,b2_inertia,77,125,48,1992,5,0.616,1.9266191898024165,0.014199609964594025
28,2023-07-13T09:40:00+00:00,dual_inertia,87,125,48,1992,5,0.696,2.2339094738435423,0.016490679936978857
29,2023-07-14T09:40:00+00:00,B1,84,196,48,1992,48,0.42857142857142855,5.740848274218337,0.010891564982341236
29,2023-07-14T09:40:00+00:00,B2,33,196,48,1992,48,0.1683673469387755,3.854734019048301,0.03346716943974295
29,2023-07-14T09:40:00+00:00,Experiment14_Fusion,86,196,48,1992,48,0.4387755102040816,5.730175099740517,0.012088886818706839
29,2023-07-14T09:40:00+00:00,no_inertia,33,196,48,1992,48,0.1683673469387755,3.6983532697050894,0.010272657903841676
29,2023-07-14T09:40:00+00:00,b1_inertia,33,196,48,1992,48,0.1683673469387755,3.5068671774512206,0.010859710934589992
29,2023-07-14T09:40:00+00:00,b2_inertia,33,196,48,1992,48,0.1683673469387755,3.6983532697050894,0.010274071303956508
29,2023-07-14T09:40:00+00:00,dual_inertia,33,196,48,1992,48,0.1683673469387755,3.5068671774512206,0.010860625987473754
30,2023-07-15T09:40:00+00:00,B1,161,298,48,1992,48,0.540268456375839,11.495994674104416,0.05130460771769567
30,2023-07-15T09:40:00+00:00,B2,159,298,48,1992,48,0.5335570469798657,21.34635869773717,0.1309512777588408
30,2023-07-15T09:40:00+00:00,Experiment14_Fusion,276,298,48,1992,48,0.9261744966442953,17.024896924031392,0.08123245776421496
30,2023-07-15T09:40:00+00:00,no_inertia,159,298,48,1992,48,0.5335570469798657,18.719520553636873,0.16879853966439615
30,2023-07-15T09:40:00+00:00,b1_inertia,159,298,48,1992,48,0.5335570469798657,18.33181564549306,0.17062377101618437
30,2023-07-15T09:40:00+00:00,b2_inertia,159,298,48,1992,48,0.5335570469798657,18.719520553636873,0.16877794086848127
30,2023-07-15T09:40:00+00:00,dual_inertia,159,298,48,1992,48,0.5335570469798657,18.33181564549306,0.17058477114079104
31,2023-07-16T09:40:00+00:00,B1,34,162,48,1992,42,0.20987654320987653,3.266146973653334,0.0065624286109027775
31,2023-07-16T09:40:00+00:00,B2,0,162,48,1992,42,0.0,0.0,0.0032530904036445433
31,2023-07-16T09:40:00+00:00,Experiment14_Fusion,32,162,48,1992,42,0.19753086419753085,2.859399359274171,0.006602294779937152
31,2023-07-16T09:40:00+00:00,no_inertia,38,162,48,1992,42,0.2345679012345679,1.4722955506446034,0.005706789391108856
31,2023-07-16T09:40:00+00:00,b1_inertia,38,162,48,1992,42,0.2345679012345679,1.484686672117859,0.0062576522333488505
31,2023-07-16T09:40:00+00:00,b2_inertia,38,162,48,1992,42,0.2345679012345679,1.4722955506446034,0.005708069881328412
31,2023-07-16T09:40:00+00:00,dual_inertia,38,162,48,1992,42,0.2345679012345679,1.484686672117859,0.006256336786951266
32,2023-07-17T09:40:00+00:00,B1,52,488,48,1992,48,0.10655737704918032,1.745135548737988,0.009695526020390187
32,2023-07-17T09:40:00+00:00,B2,186,488,48,1992,48,0.38114754098360654,7.420020367691475,0.024425872909654877
32,2023-07-17T09:40:00+00:00,Experiment14_Fusion,65,488,48,1992,48,0.13319672131147542,2.1097233406759663,0.011178522874868067
32,2023-07-17T09:40:00+00:00,no_inertia,186,488,48,1992,48,0.38114754098360654,7.532636234346784,0.02633256573509999
32,2023-07-17T09:40:00+00:00,b1_inertia,189,488,48,1992,48,0.38729508196721313,7.686277319657018,0.027441006241657257
32,2023-07-17T09:40:00+00:00,b2_inertia,186,488,48,1992,48,0.38114754098360654,7.5325664909573895,0.026268957201852527
32,2023-07-17T09:40:00+00:00,dual_inertia,189,488,48,1992,48,0.38729508196721313,7.685597030010811,0.027400617712072684
33,2023-07-18T09:40:00+00:00,B1,348,738,48,1992,41,0.4715447154471545,14.622440264494577,0.10821659020550521
33,2023-07-18T09:40:00+00:00,B2,492,738,48,1992,41,0.6666666666666666,24.254102374017716,0.22439759364747489
33,2023-07-18T09:40:00+00:00,Experiment14_Fusion,438,738,48,1992,41,0.5934959349593496,18.227505643029794,0.128658746279872
33,2023-07-18T09:40:00+00:00,no_inertia,492,738,48,1992,41,0.6666666666666666,24.26256819223597,0.22256596953947258
33,2023-07-18T09:40:00+00:00,b1_inertia,495,738,48,1992,41,0.6707317073170732,24.750320458264774,0.2490476407445802
33,2023-07-18T09:40:00+00:00,b2_inertia,492,738,48,1992,41,0.6666666666666666,24.262416568825866,0.22257990760054402
33,2023-07-18T09:40:00+00:00,dual_inertia,495,738,48,1992,41,0.6707317073170732,24.743198756505336,0.2486623284562449
34,2023-07-19T09:40:00+00:00,B1,0,0,48,1992,0,0.0,0.0,0.0
34,2023-07-19T09:40:00+00:00,B2,0,0,48,1992,0,0.0,0.0,0.0
34,2023-07-19T09:40:00+00:00,Experiment14_Fusion,0,0,48,1992,0,0.0,0.0,0.0
34,2023-07-19T09:40:00+00:00,no_inertia,0,0,48,1992,0,0.0,0.0,0.0
34,2023-07-19T09:40:00+00:00,b1_inertia,0,0,48,1992,0,0.0,0.0,0.0
34,2023-07-19T09:40:00+00:00,b2_inertia,0,0,48,1992,0,0.0,0.0,0.0
34,2023-07-19T09:40:00+00:00,dual_inertia,0,0,48,1992,0,0.0,0.0,0.0
35,2023-07-20T09:40:00+00:00,B1,0,12,48,1992,3,0.0,0.0,0.0005152683404952849
35,2023-07-20T09:40:00+00:00,B2,0,12,48,1992,3,0.0,0.0,0.0001255020080321285
35,2023-07-20T09:40:00+00:00,Experiment14_Fusion,0,12,48,1992,3,0.0,0.0,0.0002561436265688794
35,2023-07-20T09:40:00+00:00,no_inertia,0,12,48,1992,3,0.0,0.0,0.00013150070671102534
35,2023-07-20T09:40:00+00:00,b1_inertia,0,12,48,1992,3,0.0,0.0,0.0001541746087116783
35,2023-07-20T09:40:00+00:00,b2_inertia,0,12,48,1992,3,0.0,0.0,0.00013077791218240082
35,2023-07-20T09:40:00+00:00,dual_inertia,0,12,48,1992,3,0.0,0.0,0.00015377872700509223
36,2023-07-21T09:40:00+00:00,B1,64,288,48,1992,48,0.2222222222222222,3.579189566614243,0.008984754913624887
36,2023-07-21T09:40:00+00:00,B2,48,288,48,1992,48,0.16666666666666666,3.36074907519293,0.006727444833745
36,2023-07-21T09:40:00+00:00,Experiment14_Fusion,57,288,48,1992,48,0.19791666666666666,3.5729685601153376,0.007777393119096794
36,2023-07-21T09:40:00+00:00,no_inertia,48,288,48,1992,48,0.16666666666666666,3.500470558633081,0.007150836576685754
36,2023-07-21T09:40:00+00:00,b1_inertia,48,288,48,1992,48,0.16666666666666666,3.5178416086971644,0.007956048504215366
36,2023-07-21T09:40:00+00:00,b2_inertia,48,288,48,1992,48,0.16666666666666666,3.5019345719712294,0.007143646344281603
36,2023-07-21T09:40:00+00:00,dual_inertia,48,288,48,1992,48,0.16666666666666666,3.5178416086971644,0.007948885222107367
37,2023-07-22T09:40:00+00:00,B1,0,206,48,1992,48,0.0,0.0,0.0022407727976793937
37,2023-07-22T09:40:00+00:00,B2,0,206,48,1992,48,0.0,0.0,0.002097460953376983
37,2023-07-22T09:40:00+00:00,Experiment14_Fusion,0,206,48,1992,48,0.0,0.0,0.0020008513411363857
37,2023-07-22T09:40:00+00:00,no_inertia,0,206,48,1992,48,0.0,0.0,0.0023686638599525515
37,2023-07-22T09:40:00+00:00,b1_inertia,0,206,48,1992,48,0.0,0.0,0.002550136220758153
37,2023-07-22T09:40:00+00:00,b2_inertia,0,206,48,1992,48,0.0,0.0,0.0023541514740822154
37,2023-07-22T09:40:00+00:00,dual_inertia,0,206,48,1992,48,0.0,0.0,0.0025511106890636114
38,2023-07-23T09:40:00+00:00,B1,98,383,48,1992,48,0.2558746736292428,5.965775149229451,0.019962939995872394
38,2023-07-23T09:40:00+00:00,B2,0,383,48,1992,48,0.0,0.0,0.003873327310407304
38,2023-07-23T09:40:00+00:00,Experiment14_Fusion,70,383,48,1992,48,0.18276762402088773,4.641320742851978,0.015109826704850416
38,2023-07-23T09:40:00+00:00,no_inertia,0,383,48,1992,48,0.0,0.0,0.004134536798150529
38,2023-07-23T09:40:00+00:00,b1_inertia,0,383,48,1992,48,0.0,0.0,0.004279231813965677
38,2023-07-23T09:40:00+00:00,b2_inertia,0,383,48,1992,48,0.0,0.0,0.004133189906399117
38,2023-07-23T09:40:00+00:00,dual_inertia,0,383,48,1992,48,0.0,0.0,0.004298198836574995
39,2023-07-24T09:40:00+00:00,B1,243,3527,48,1992,48,0.06889707967110859,2.886783950517909,0.03865226336789788
39,2023-07-24T09:40:00+00:00,B2,164,3527,48,1992,48,0.046498440601077405,3.590084286345091,0.05974011487504859
39,2023-07-24T09:40:00+00:00,Experiment14_Fusion,229,3527,48,1992,48,0.06492770059540687,2.958761208176601,0.040950122064600206
39,2023-07-24T09:40:00+00:00,no_inertia,164,3527,48,1992,48,0.046498440601077405,3.38144652338827,0.05777336085806476
39,2023-07-24T09:40:00+00:00,b1_inertia,164,3527,48,1992,48,0.046498440601077405,3.343098800671583,0.05216750040746616
39,2023-07-24T09:40:00+00:00,b2_inertia,164,3527,48,1992,48,0.046498440601077405,3.382673330228453,0.0577681844242002
39,2023-07-24T09:40:00+00:00,dual_inertia,164,3527,48,1992,48,0.046498440601077405,3.343337826790467,0.052220578223481764
40,2023-07-25T09:40:00+00:00,B1,446,1573,48,1992,48,0.2835346471710108,8.754055626137564,0.04880528340441997
40,2023-07-25T09:40:00+00:00,B2,339,1573,48,1992,48,0.21551176096630642,13.691469315061681,0.1272930222434675
40,2023-07-25T09:40:00+00:00,Experiment14_Fusion,489,1573,48,1992,48,0.3108709472345836,13.967246067661575,0.11522946169392415
40,2023-07-25T09:40:00+00:00,no_inertia,339,1573,48,1992,48,0.21551176096630642,13.665938139293354,0.13084506835628312
40,2023-07-25T09:40:00+00:00,b1_inertia,339,1573,48,1992,48,0.21551176096630642,13.621285359699396,0.1300744078358338
40,2023-07-25T09:40:00+00:00,b2_inertia,339,1573,48,1992,48,0.21551176096630642,13.66714464746211,0.13083049905479252
40,2023-07-25T09:40:00+00:00,dual_inertia,339,1573,48,1992,48,0.21551176096630642,13.62113035624889,0.13005583000184445
41,2023-07-26T09:40:00+00:00,B1,101,1094,48,1992,48,0.0923217550274223,2.5616798539394807,0.015561454361912561
41,2023-07-26T09:40:00+00:00,B2,304,1094,48,1992,48,0.27787934186471663,6.759588089297539,0.028950075497558223
41,2023-07-26T09:40:00+00:00,Experiment14_Fusion,80,1094,48,1992,48,0.07312614259597806,2.000083801693054,0.018279732545365916
41,2023-07-26T09:40:00+00:00,no_inertia,304,1094,48,1992,48,0.27787934186471663,6.614770364056772,0.028908533520866815
41,2023-07-26T09:40:00+00:00,b1_inertia,304,1094,48,1992,48,0.27787934186471663,6.620517135618963,0.02928301937185181
41,2023-07-26T09:40:00+00:00,b2_inertia,304,1094,48,1992,48,0.27787934186471663,6.611114820495563,0.028871031557868243
41,2023-07-26T09:40:00+00:00,dual_inertia,304,1094,48,1992,48,0.27787934186471663,6.617267095633694,0.029248970678756064
42,2023-07-27T09:40:00+00:00,B1,121,752,48,1992,48,0.16090425531914893,4.250802101919306,0.010729424991582557
42,2023-07-27T09:40:00+00:00,B2,0,752,48,1992,48,0.0,0.0,0.007579490246937024
42,2023-07-27T09:40:00+00:00,Experiment14_Fusion,112,752,48,1992,48,0.14893617021276595,3.668917639592882,0.009798448858844924
42,2023-07-27T09:40:00+00:00,no_inertia,0,752,48,1992,48,0.0,0.0,0.006850224451679544
42,2023-07-27T09:40:00+00:00,b1_inertia,0,752,48,1992,48,0.0,0.0,0.006945213032938241
42,2023-07-27T09:40:00+00:00,b2_inertia,0,752,48,1992,48,0.0,0.0,0.00677917605247662
42,2023-07-27T09:40:00+00:00,dual_inertia,0,752,48,1992,48,0.0,0.0,0.0069169131578981115
43,2023-07-28T09:40:00+00:00,B1,3,50,48,1992,39,0.06,0.2971394193214698,0.0005496401407214156
43,2023-07-28T09:40:00+00:00,B2,2,50,48,1992,39,0.04,0.22055692535415686,0.0005034998700717139
43,2023-07-28T09:40:00+00:00,Experiment14_Fusion,1,50,48,1992,39,0.02,0.07028063830038406,0.0004672968796815406
43,2023-07-28T09:40:00+00:00,no_inertia,2,50,48,1992,39,0.04,0.21670056991622522,0.00036530627571375177
43,2023-07-28T09:40:00+00:00,b1_inertia,2,50,48,1992,39,0.04,0.2076971809032641,0.0003595897979878284
43,2023-07-28T09:40:00+00:00,b2_inertia,2,50,48,1992,39,0.04,0.23919025162928687,0.0003781830042550285
43,2023-07-28T09:40:00+00:00,dual_inertia,2,50,48,1992,39,0.04,0.23088309677321506,0.00037146214865248645
44,2023-07-29T09:40:00+00:00,B1,9,427,48,1992,48,0.02107728337236534,0.36254250625568424,0.004842091629979319
44,2023-07-29T09:40:00+00:00,B2,46,427,48,1992,48,0.10772833723653395,1.9387997952643516,0.005140030557039238
44,2023-07-29T09:40:00+00:00,Experiment14_Fusion,5,427,48,1992,48,0.0117096018735363,0.1931585995374065,0.004466707546988401
44,2023-07-29T09:40:00+00:00,no_inertia,46,427,48,1992,48,0.10772833723653395,1.9661700633135135,0.004709310256332965
44,2023-07-29T09:40:00+00:00,b1_inertia,46,427,48,1992,48,0.10772833723653395,1.8914208917696054,0.004553705694496335
44,2023-07-29T09:40:00+00:00,b2_inertia,46,427,48,1992,48,0.10772833723653395,1.9603068412872484,0.004683728500952039
44,2023-07-29T09:40:00+00:00,dual_inertia,46,427,48,1992,48,0.10772833723653395,1.877710537099524,0.004526747383254558
45,2023-07-30T09:40:00+00:00,B1,1,502,48,1992,48,0.00199203187250996,0.02529922263119915,0.00333038718984199
45,2023-07-30T09:40:00+00:00,B2,45,502,48,1992,48,0.08964143426294821,1.34824223577501,0.005424581200029019
45,2023-07-30T09:40:00+00:00,Experiment14_Fusion,9,502,48,1992,48,0.017928286852589643,0.23685583426586312,0.003353777931404481
45,2023-07-30T09:40:00+00:00,no_inertia,45,502,48,1992,48,0.08964143426294821,1.3701086919571779,0.00399275762971806
45,2023-07-30T09:40:00+00:00,b1_inertia,45,502,48,1992,48,0.08964143426294821,1.3646095736158874,0.0039879833310258635
45,2023-07-30T09:40:00+00:00,b2_inertia,45,502,48,1992,48,0.08964143426294821,1.4797934142861113,0.0043218214518541236
45,2023-07-30T09:40:00+00:00,dual_inertia,45,502,48,1992,48,0.08964143426294821,1.4741961626789073,0.004306036818762869
46,2023-07-31T09:40:00+00:00,B1,175,609,48,1992,48,0.28735632183908044,7.008052968996435,0.02345132565571657
46,2023-07-31T09:40:00+00:00,B2,112,609,48,1992,48,0.1839080459770115,3.2901091831887634,0.009493933969311225
46,2023-07-31T09:40:00+00:00,Experiment14_Fusion,169,609,48,1992,48,0.277504105090312,6.831007168457063,0.023359580352007022
46,2023-07-31T09:40:00+00:00,no_inertia,99,609,48,1992,48,0.1625615763546798,2.8581540926930376,0.008927496747698403
46,2023-07-31T09:40:00+00:00,b1_inertia,45,609,48,1992,48,0.07389162561576355,1.4234856174010129,0.008483832890484228
46,2023-07-31T09:40:00+00:00,b2_inertia,100,609,48,1992,48,0.16420361247947454,2.902068152112639,0.008931088220840551
46,2023-07-31T09:40:00+00:00,dual_inertia,45,609,48,1992,48,0.07389162561576355,1.4213456621759317,0.008481350924563862
47,2023-08-01T09:40:00+00:00,B1,64,413,48,1992,48,0.1549636803874092,3.0323038463592615,0.007266323397431869
47,2023-08-01T09:40:00+00:00,B2,32,413,48,1992,48,0.0774818401937046,0.9365759781257705,0.007073676181437548
47,2023-08-01T09:40:00+00:00,Experiment14_Fusion,71,413,48,1992,48,0.17191283292978207,3.355559265013796,0.00755778315929425
47,2023-08-01T09:40:00+00:00,no_inertia,7,413,48,1992,48,0.01694915254237288,0.19933093321808726,0.006411310286451866
47,2023-08-01T09:40:00+00:00,b1_inertia,1,413,48,1992,48,0.002421307506053269,0.024998374320965893,0.006222245590312477
47,2023-08-01T09:40:00+00:00,b2_inertia,11,413,48,1992,48,0.026634382566585957,0.3286288984634154,0.006405470714511594
47,2023-08-01T09:40:00+00:00,dual_inertia,1,413,48,1992,48,0.002421307506053269,0.02492661549056061,0.006225250411333702
48,2023-08-02T09:40:00+00:00,B1,80,1302,48,1992,48,0.06144393241167435,1.8841363478848059,0.016755513639118966
48,2023-08-02T09:40:00+00:00,B2,39,1302,48,1992,48,0.029953917050691243,0.9758881024222625,0.019501356878426045
48,2023-08-02T09:40:00+00:00,Experiment14_Fusion,97,1302,48,1992,48,0.07450076804915515,2.3526062015554103,0.01749136056875691
48,2023-08-02T09:40:00+00:00,no_inertia,44,1302,48,1992,48,0.03379416282642089,1.0542367720857977,0.019328092921596988
48,2023-08-02T09:40:00+00:00,b1_inertia,65,1302,48,1992,48,0.04992319508448541,1.4066106463951984,0.019174638617094723
48,2023-08-02T09:40:00+00:00,b2_inertia,46,1302,48,1992,48,0.03533026113671275,1.0863691210789053,0.0193319128127942
48,2023-08-02T09:40:00+00:00,dual_inertia,66,1302,48,1992,48,0.05069124423963134,1.423592723891141,0.01917476774233444
49,2023-08-03T09:40:00+00:00,B1,25,495,48,1992,48,0.050505050505050504,0.9207031092777493,0.007238790296986517
49,2023-08-03T09:40:00+00:00,B2,9,495,48,1992,48,0.01818181818181818,0.2826003864037281,0.004829280846201594
49,2023-08-03T09:40:00+00:00,Experiment14_Fusion,27,495,48,1992,48,0.05454545454545454,1.0021217719935425,0.006514849940463176
49,2023-08-03T09:40:00+00:00,no_inertia,9,495,48,1992,48,0.01818181818181818,0.28928188482033534,0.0043372327044291685
49,2023-08-03T09:40:00+00:00,b1_inertia,9,495,48,1992,48,0.01818181818181818,0.28895749708264484,0.004410439714218109
49,2023-08-03T09:40:00+00:00,b2_inertia,9,495,48,1992,48,0.01818181818181818,0.28928188482033534,0.004325070451115798
49,2023-08-03T09:40:00+00:00,dual_inertia,9,495,48,1992,48,0.01818181818181818,0.28895749708264484,0.004405132748409875
50,2023-08-04T09:40:00+00:00,B1,97,714,48,1992,48,0.13585434173669467,2.8986720731996605,0.01373758734389155
50,2023-08-04T09:40:00+00:00,B2,8,714,48,1992,48,0.011204481792717087,0.244059256678279,0.00679177860972475
50,2023-08-04T09:40:00+00:00,Experiment14_Fusion,89,714,48,1992,48,0.12464985994397759,2.7288490554285567,0.012456518234278902
50,2023-08-04T09:40:00+00:00,no_inertia,8,714,48,1992,48,0.011204481792717087,0.24630892288190703,0.007045650954905126
50,2023-08-04T09:40:00+00:00,b1_inertia,8,714,48,1992,48,0.011204481792717087,0.24681613338704564,0.007009917203202529
50,2023-08-04T09:40:00+00:00,b2_inertia,8,714,48,1992,48,0.011204481792717087,0.24630892288190703,0.006963154673262924
50,2023-08-04T09:40:00+00:00,dual_inertia,8,714,48,1992,48,0.011204481792717087,0.24681613338704564,0.006989033434017258
51,2023-08-05T09:40:00+00:00,B1,62,147,48,1992,44,0.4217687074829932,5.366156921351452,0.010550065906953447
51,2023-08-05T09:40:00+00:00,B2,100,147,48,1992,44,0.6802721088435374,9.657630670415937,0.016181992092521347
51,2023-08-05T09:40:00+00:00,Experiment14_Fusion,72,147,48,1992,44,0.4897959183673469,6.738326393905378,0.014067896910964717
51,2023-08-05T09:40:00+00:00,no_inertia,100,147,48,1992,44,0.6802721088435374,9.749125181290667,0.016628439870354852
51,2023-08-05T09:40:00+00:00,b1_inertia,100,147,48,1992,44,0.6802721088435374,9.812358725203072,0.017096938694962344
51,2023-08-05T09:40:00+00:00,b2_inertia,100,147,48,1992,44,0.6802721088435374,9.755662953155774,0.01669377676041399
51,2023-08-05T09:40:00+00:00,dual_inertia,100,147,48,1992,44,0.6802721088435374,9.820057608451686,0.017188472753089417
52,2023-08-06T09:40:00+00:00,B1,303,2570,48,1992,48,0.1178988326848249,4.808602784859916,0.05738212841978037
52,2023-08-06T09:40:00+00:00,B2,1367,2570,48,1992,48,0.5319066147859922,27.54327518863017,0.37772844988837384
52,2023-08-06T09:40:00+00:00,Experiment14_Fusion,1173,2570,48,1992,48,0.456420233463035,21.954749230645547,0.21851724535503944
52,2023-08-06T09:40:00+00:00,no_inertia,1372,2570,48,1992,48,0.533852140077821,27.579217341584716,0.37878388015764075
52,2023-08-06T09:40:00+00:00,b1_inertia,1409,2570,48,1992,48,0.5482490272373541,28.0244501774607,0.37901884246466244
52,2023-08-06T09:40:00+00:00,b2_inertia,1372,2570,48,1992,48,0.533852140077821,27.579047177950148,0.3786917221339296
52,2023-08-06T09:40:00+00:00,dual_inertia,1410,2570,48,1992,48,0.5486381322957199,28.033308536626265,0.37896811753683657
53,2023-08-07T09:40:00+00:00,B1,243,3713,48,1992,48,0.06544573121465122,2.537152048158941,0.06172654672959164
53,2023-08-07T09:40:00+00:00,B2,1617,3713,48,1992,48,0.4354969027740372,22.92766304646473,0.30674179503698684
53,2023-08-07T09:40:00+00:00,Experiment14_Fusion,300,3713,48,1992,48,0.08079719903043361,3.066537736497613,0.08725410001427325
53,2023-08-07T09:40:00+00:00,no_inertia,1602,3713,48,1992,48,0.4314570428225155,22.793769851187665,0.3079356872953787
53,2023-08-07T09:40:00+00:00,b1_inertia,1601,3713,48,1992,48,0.43118771882574736,22.785234765601242,0.3078347823346895
53,2023-08-07T09:40:00+00:00,b2_inertia,1598,3713,48,1992,48,0.43037974683544306,22.757401453376307,0.308964944213682
53,2023-08-07T09:40:00+00:00,dual_inertia,1597,3713,48,1992,48,0.4301104228386749,22.749149562386,0.30868892797790265
54,2023-08-08T09:40:00+00:00,B1,121,1286,48,1992,48,0.09409020217729394,2.3188964744514777,0.022746077639419448
54,2023-08-08T09:40:00+00:00,B2,804,1286,48,1992,48,0.6251944012441679,17.558515024026832,0.15023609253491535
54,2023-08-08T09:40:00+00:00,Experiment14_Fusion,187,1286,48,1992,48,0.14541213063763608,3.7692748756913255,0.03899642383220988
54,2023-08-08T09:40:00+00:00,no_inertia,804,1286,48,1992,48,0.6251944012441679,17.64539026826976,0.1495122997284759
54,2023-08-08T09:40:00+00:00,b1_inertia,804,1286,48,1992,48,0.6251944012441679,17.64480633533573,0.14951098921676426
54,2023-08-08T09:40:00+00:00,b2_inertia,804,1286,48,1992,48,0.6251944012441679,17.64480633533573,0.1494120532815453
54,2023-08-08T09:40:00+00:00,dual_inertia,804,1286,48,1992,48,0.6251944012441679,17.644914921281483,0.14938297316471616
55,2023-08-09T09:40:00+00:00,B1,73,578,48,1992,48,0.12629757785467127,2.6895577167492597,0.011305806425326075
55,2023-08-09T09:40:00+00:00,B2,23,578,48,1992,48,0.039792387543252594,1.3485964613896215,0.009063707701041129
55,2023-08-09T09:40:00+00:00,Experiment14_Fusion,62,578,48,1992,48,0.10726643598615918,2.279173892266275,0.011259859676300693
55,2023-08-09T09:40:00+00:00,no_inertia,23,578,48,1992,48,0.039792387543252594,1.322287324819876,0.009193540348246968
55,2023-08-09T09:40:00+00:00,b1_inertia,23,578,48,1992,48,0.039792387543252594,1.3336653006752903,0.009245244116529583
55,2023-08-09T09:40:00+00:00,b2_inertia,23,578,48,1992,48,0.039792387543252594,1.3218754811603803,0.009152412297858391
55,2023-08-09T09:40:00+00:00,dual_inertia,23,578,48,1992,48,0.039792387543252594,1.3335245390829589,0.009206986527588112
56,2023-08-10T09:40:00+00:00,B1,44,404,48,1992,48,0.10891089108910891,2.1529348317995733,0.006778369696032128
56,2023-08-10T09:40:00+00:00,B2,43,404,48,1992,48,0.10643564356435643,2.035690995889133,0.004660104675293532
56,2023-08-10T09:40:00+00:00,Experiment14_Fusion,38,404,48,1992,48,0.09405940594059406,1.8442314910330206,0.006517362356508519
56,2023-08-10T09:40:00+00:00,no_inertia,43,404,48,1992,48,0.10643564356435643,1.978268296176775,0.004630375165772801
56,2023-08-10T09:40:00+00:00,b1_inertia,43,404,48,1992,48,0.10643564356435643,1.977135109797975,0.004848396193907183
56,2023-08-10T09:40:00+00:00,b2_inertia,43,404,48,1992,48,0.10643564356435643,1.9780812816150775,0.004618399539513886
56,2023-08-10T09:40:00+00:00,dual_inertia,43,404,48,1992,48,0.10643564356435643,1.9773270493643462,0.0048259464984501555
57,2023-08-11T09:40:00+00:00,B1,39,329,48,1992,43,0.11854103343465046,1.8001978938594179,0.007050001546123176
57,2023-08-11T09:40:00+00:00,B2,0,329,48,1992,43,0.0,0.0,0.0033607653779706933
57,2023-08-11T09:40:00+00:00,Experiment14_Fusion,16,329,48,1992,43,0.0486322188449848,0.7040075602427678,0.004909245869617595
57,2023-08-11T09:40:00+00:00,no_inertia,0,329,48,1992,43,0.0,0.0,0.0033152290904876723
57,2023-08-11T09:40:00+00:00,b1_inertia,0,329,48,1992,43,0.0,0.0,0.003368824656119453
57,2023-08-11T09:40:00+00:00,b2_inertia,0,329,48,1992,43,0.0,0.0,0.0033148972664502883
57,2023-08-11T09:40:00+00:00,dual_inertia,0,329,48,1992,43,0.0,0.0,0.0033642727560876037
58,2023-08-12T09:40:00+00:00,B1,23,301,48,1992,42,0.07641196013289037,0.9069326543833408,0.004546478238305206
58,2023-08-12T09:40:00+00:00,B2,12,301,48,1992,42,0.03986710963455149,0.2499442624707894,0.009727932092569743
58,2023-08-12T09:40:00+00:00,Experiment14_Fusion,14,301,48,1992,42,0.046511627906976744,0.2349858710105736,0.007684256969814271
58,2023-08-12T09:40:00+00:00,no_inertia,12,301,48,1992,42,0.03986710963455149,0.30307219466560387,0.00983530212223562
58,2023-08-12T09:40:00+00:00,b1_inertia,12,301,48,1992,42,0.03986710963455149,0.31453772383090783,0.00999671521587025
58,2023-08-12T09:40:00+00:00,b2_inertia,12,301,48,1992,42,0.03986710963455149,0.2995786637792353,0.009810869617767112
58,2023-08-12T09:40:00+00:00,dual_inertia,12,301,48,1992,42,0.03986710963455149,0.3085364545606915,0.009977265951950065
59,2023-08-13T09:40:00+00:00,B1,148,2541,48,1992,48,0.05824478551751279,2.070377131351723,0.028551798453323247
59,2023-08-13T09:40:00+00:00,B2,399,2541,48,1992,48,0.15702479338842976,7.155107334471305,0.06407878846653119
59,2023-08-13T09:40:00+00:00,Experiment14_Fusion,331,2541,48,1992,48,0.13026367571822117,5.772097690167211,0.04117480615594061
59,2023-08-13T09:40:00+00:00,no_inertia,399,2541,48,1992,48,0.15702479338842976,7.803256779881268,0.0711756337565474
59,2023-08-13T09:40:00+00:00,b1_inertia,399,2541,48,1992,48,0.15702479338842976,7.980152189775323,0.07302782772177653
59,2023-08-13T09:40:00+00:00,b2_inertia,399,2541,48,1992,48,0.15702479338842976,7.8073684532495,0.07126879714249758
59,2023-08-13T09:40:00+00:00,dual_inertia,399,2541,48,1992,48,0.15702479338842976,7.9781370737401796,0.07318884649773137
60,2023-08-14T09:40:00+00:00,B1,327,695,48,1992,48,0.47050359712230216,10.546780043865132,0.04782426862920672
60,2023-08-14T09:40:00+00:00,B2,21,695,48,1992,48,0.030215827338129497,0.5966566074461138,0.006819098480083411
60,2023-08-14T09:40:00+00:00,Experiment14_Fusion,219,695,48,1992,48,0.31510791366906477,7.121912781863296,0.03546819868722225
60,2023-08-14T09:40:00+00:00,no_inertia,21,695,48,1992,48,0.030215827338129497,0.5379692109043188,0.00827853873101047
60,2023-08-14T09:40:00+00:00,b1_inertia,21,695,48,1992,48,0.030215827338129497,0.5299819968537567,0.009227994397794804
60,2023-08-14T09:40:00+00:00,b2_inertia,21,695,48,1992,48,0.030215827338129497,0.53884323967341,0.008236740826747678
60,2023-08-14T09:40:00+00:00,dual_inertia,21,695,48,1992,48,0.030215827338129497,0.5297647845032105,0.009129676348357917
61,2023-08-15T09:40:00+00:00,B1,19,784,48,1992,48,0.02423469387755102,0.6109314075999552,0.01067082191784662
61,2023-08-15T09:40:00+00:00,B2,328,784,48,1992,48,0.41836734693877553,10.675882629885162,0.05435415613278131
61,2023-08-15T09:40:00+00:00,Experiment14_Fusion,12,784,48,1992,48,0.015306122448979591,0.2951724078758188,0.020735235413959396
61,2023-08-15T09:40:00+00:00,no_inertia,328,784,48,1992,48,0.41836734693877553,10.06531435653495,0.05191660424752721
61,2023-08-15T09:40:00+00:00,b1_inertia,328,784,48,1992,48,0.41836734693877553,9.851517245070664,0.04969919253985984
61,2023-08-15T09:40:00+00:00,b2_inertia,328,784,48,1992,48,0.41836734693877553,10.087378395655282,0.05226512735509041
61,2023-08-15T09:40:00+00:00,dual_inertia,329,784,48,1992,48,0.41964285714285715,9.917324964488595,0.05021737618604164
62,2023-08-16T09:40:00+00:00,B1,4,195,48,1992,48,0.020512820512820513,0.11700646543491816,0.0037910340809738418
62,2023-08-16T09:40:00+00:00,B2,56,195,48,1992,48,0.28717948717948716,1.8512736087409438,0.007669007956919731
62,2023-08-16T09:40:00+00:00,Experiment14_Fusion,18,195,48,1992,48,0.09230769230769231,0.5111049803377172,0.004462681497956968
62,2023-08-16T09:40:00+00:00,no_inertia,56,195,48,1992,48,0.28717948717948716,1.781527036129984,0.007101848788863789
62,2023-08-16T09:40:00+00:00,b1_inertia,56,195,48,1992,48,0.28717948717948716,1.7619802761523657,0.0067331423223053275
62,2023-08-16T09:40:00+00:00,b2_inertia,56,195,48,1992,48,0.28717948717948716,1.781527036129984,0.007100867437783822
62,2023-08-16T09:40:00+00:00,dual_inertia,56,195,48,1992,48,0.28717948717948716,1.7619802761523657,0.006732874106233201
63,2023-08-17T09:40:00+00:00,B1,0,13,29,1992,11,0.0,0.0,0.0008067075317273519
63,2023-08-17T09:40:00+00:00,B2,0,13,29,1992,11,0.0,0.0,0.00022503808336795457
63,2023-08-17T09:40:00+00:00,Experiment14_Fusion,0,13,29,1992,11,0.0,0.0,0.0005941874095289406
63,2023-08-17T09:40:00+00:00,no_inertia,0,13,29,1992,11,0.0,0.0,0.00019882545968646166
63,2023-08-17T09:40:00+00:00,b1_inertia,0,13,29,1992,11,0.0,0.0,0.00019810576513000684
63,2023-08-17T09:40:00+00:00,b2_inertia,0,13,29,1992,11,0.0,0.0,0.00020494816162066508
63,2023-08-17T09:40:00+00:00,dual_inertia,0,13,29,1992,11,0.0,0.0,0.00020078341068205992
