selection_role,selection_stage,selection_origin_idx,selection_origin_time,candidate_train_days,candidate_half_life_days,candidate_input_hours,validation_block_count,validation_block_days,purge_hours,val_pr_auc_mean,val_pr_auc_median,val_pr_auc_q25,val_pr_auc_std,val_pr_auc_min,val_roc_auc_mean,selection_origin_count,family_validation_pr_auc,input_validation_pr_auc,selected_family_weights,selected_input_weights,candidate_cascade_alpha,validation_scope,validation_samples,candidate_b2_train_days,candidate_b2_half_life_days,candidate_L_obs_hours,pool_origin_count,pool_validation_block_count,candidate_pareto_alpha,selected_lambda,paired_validation_block_count,selected_train_days,selected_half_life_days,selected_input_hours,validation_origin_count,adst_action,candidate_count,selected_cascade_alpha,selected_cascade_validation_pr_auc,selected_b2_train_days,selected_b2_half_life_days,fusion_validation_pr_auc,fusion_validation_roc_auc,prediction_population
branch1_proxy,development,18144.0,2023-07-18T09:40:00+00:00,7.0,3.0,all_1_6_24,3.0,3.0,36.0,0.14174213691903273,0.12614821105185883,0.11261241669071126,0.04265238977851938,0.09907662232956368,0.6577558439528027,,,,,,,,,,,,,,,,,,,,,,,,,,,,,
branch1_proxy,development,18144.0,2023-07-18T09:40:00+00:00,7.0,7.0,all_1_6_24,3.0,3.0,36.0,0.14180007523490265,0.12313552063658145,0.11293098947868829,0.04166857163659751,0.10272645832079513,0.659974416013171,,,,,,,,,,,,,,,,,,,,,,,,,,,,,
branch1_proxy,development,18144.0,2023-07-18T09:40:00+00:00,7.0,14.0,all_1_6_24,3.0,3.0,36.0,0.14114762834463254,0.12224452902661842,0.11329337477613498,0.04006412766212378,0.10434222052565154,0.6606361019674555,,,,,,,,,,,,,,,,,,,,,,,,,,,,,
branch1_proxy,development,18144.0,2023-07-18T09:40:00+00:00,14.0,3.0,all_1_6_24,3.0,3.0,36.0,0.13407733008910908,0.12784430941071728,0.11464274050972194,0.029522773557661086,0.1014411716087266,0.6531747040074642,,,,,,,,,,,,,,,,,,,,,,,,,,,,,
branch1_proxy,development,18144.0,2023-07-18T09:40:00+00:00,14.0,7.0,all_1_6_24,3.0,3.0,36.0,0.12562849221678227,0.12133337576500808,0.11294677101597363,0.019197452905036577,0.10456016626693918,0.6325331232307003,,,,,,,,,,,,,,,,,,,,,,,,,,,,,
branch1_proxy,development,18144.0,2023-07-18T09:40:00+00:00,14.0,14.0,all_1_6_24,3.0,3.0,36.0,0.12255239684898141,0.11832401397714071,0.11172618770232377,0.016230664907599765,0.10512836142750684,0.6220263657841486,,,,,,,,,,,,,,,,,,,,,,,,,,,,,
branch1_proxy,development,18144.0,2023-07-18T09:40:00+00:00,21.0,3.0,all_1_6_24,3.0,3.0,36.0,0.12737480824515476,0.11993827364487604,0.1084963221793642,0.02828556712940217,0.09705437071385237,0.6363492452520743,,,,,,,,,,,,,,,,,,,,,,,,,,,,,
branch1_proxy,development,18144.0,2023-07-18T09:40:00+00:00,21.0,7.0,all_1_6_24,3.0,3.0,36.0,0.11143210243468926,0.0964799190882186,0.0942032783209224,0.024436042153789396,0.0919266375536262,0.5828790256346051,,,,,,,,,,,,,,,,,,,,,,,,,,,,,
branch1_proxy,development,18144.0,2023-07-18T09:40:00+00:00,21.0,14.0,all_1_6_24,3.0,3.0,36.0,0.10553822016929225,0.08933812815329407,0.08889405607863979,0.023541195025418484,0.08844998400398549,0.5619951237696933,,,,,,,,,,,,,,,,,,,,,,,,,,,,,
branch1_proxy,development,18432.0,2023-07-19T09:40:00+00:00,7.0,3.0,all_1_6_24,3.0,3.0,36.0,0.15676481560643,0.1754643711680009,0.1393767118312332,0.03837844547049497,0.1032890524944655,0.6842736719424858,,,,,,,,,,,,,,,,,,,,,,,,,,,,,
branch1_proxy,development,18432.0,2023-07-19T09:40:00+00:00,7.0,7.0,all_1_6_24,3.0,3.0,36.0,0.15585057877434058,0.16998029802795012,0.1342929221934712,0.042172553995281914,0.09860554635899228,0.6734997255236467,,,,,,,,,,,,,,,,,,,,,,,,,,,,,
branch1_proxy,development,18432.0,2023-07-19T09:40:00+00:00,7.0,14.0,all_1_6_24,3.0,3.0,36.0,0.15539871665946947,0.16733715462309878,0.13254516249317622,0.04302973801503399,0.09775317036325368,0.6704337913520654,,,,,,,,,,,,,,,,,,,,,,,,,,,,,
branch1_proxy,development,18432.0,2023-07-19T09:40:00+00:00,14.0,3.0,all_1_6_24,3.0,3.0,36.0,0.15261848346856524,0.16565862380118154,0.13561429084802318,0.03435199792956959,0.10556995789486479,0.6845117962252029,,,,,,,,,,,,,,,,,,,,,,,,,,,,,
branch1_proxy,development,18432.0,2023-07-19T09:40:00+00:00,14.0,7.0,all_1_6_24,3.0,3.0,36.0,0.14215288827291006,0.15197365509625724,0.12670138093446895,0.030054784182647634,0.10142910677268066,0.6636912461232525,,,,,,,,,,,,,,,,,,,,,,,,,,,,,
branch1_proxy,development,18432.0,2023-07-19T09:40:00+00:00,14.0,14.0,all_1_6_24,3.0,3.0,36.0,0.1360446949804192,0.14412405007184093,0.12211212912717215,0.026669256175598472,0.10010020818250338,0.6497794270485245,,,,,,,,,,,,,,,,,,,,,,,,,,,,,
branch1_proxy,development,18432.0,2023-07-19T09:40:00+00:00,21.0,3.0,all_1_6_24,3.0,3.0,36.0,0.14651366718353007,0.16074492149532138,0.12975260597825272,0.03467297832886289,0.09876029046118408,0.6720851052753386,,,,,,,,,,,,,,,,,,,,,,,,,,,,,
branch1_proxy,development,18432.0,2023-07-19T09:40:00+00:00,21.0,7.0,all_1_6_24,3.0,3.0,36.0,0.1247872543182198,0.1292287102335277,0.10713623157424727,0.03079776425906558,0.08504375291496685,0.6197471879326929,,,,,,,,,,,,,,,,,,,,,,,,,,,,,
branch1_proxy,development,18432.0,2023-07-19T09:40:00+00:00,21.0,14.0,all_1_6_24,3.0,3.0,36.0,0.11103458811065797,0.10351535275904056,0.09197449152253456,0.028554664813605822,0.08043363028602857,0.5786606835710109,,,,,,,,,,,,,,,,,,,,,,,,,,,,,
branch1_proxy,development,18720.0,2023-07-20T09:40:00+00:00,7.0,3.0,all_1_6_24,3.0,3.0,36.0,0.19683200195817632,0.13955513204948858,0.1341316495224636,0.08878219321991965,0.12870816699543858,0.7126495855804608,,,,,,,,,,,,,,,,,,,,,,,,,,,,,
branch1_proxy,development,18720.0,2023-07-20T09:40:00+00:00,7.0,7.0,all_1_6_24,3.0,3.0,36.0,0.194503264740809,0.1453699541417122,0.13932541312938249,0.07818918254851519,0.13328087211705278,0.7176592147164582,,,,,,,,,,,,,,,,,,,,,,,,,,,,,
branch1_proxy,development,18720.0,2023-07-20T09:40:00+00:00,7.0,14.0,all_1_6_24,3.0,3.0,36.0,0.1929708114785029,0.1469419486297897,0.1409851030633691,0.07367960209525262,0.13502825749694844,0.718381178621874,,,,,,,,,,,,,,,,,,,,,,,,,,,,,
branch1_proxy,development,18720.0,2023-07-20T09:40:00+00:00,14.0,3.0,all_1_6_24,3.0,3.0,36.0,0.1893603209573843,0.12962339474418078,0.12722795673301418,0.08789019731306674,0.12483251872184761,0.695612690081338,,,,,,,,,,,,,,,,,,,,,,,,,,,,,
branch1_proxy,development,18720.0,2023-07-20T09:40:00+00:00,14.0,7.0,all_1_6_24,3.0,3.0,36.0,0.17400203904083503,0.12844902513136125,0.12480425241809798,0.06963979223528476,0.12115947970483472,0.6820618228166694,,,,,,,,,,,,,,,,,,,,,,,,,,,,,
branch1_proxy,development,18720.0,2023-07-20T09:40:00+00:00,14.0,14.0,all_1_6_24,3.0,3.0,36.0,0.1664802934391458,0.12902726681885548,0.12313503858296904,0.061487948462683954,0.1172428103470826,0.6749359285668386,,,,,,,,,,,,,,,,,,,,,,,,,,,,,
branch1_proxy,development,18720.0,2023-07-20T09:40:00+00:00,21.0,3.0,all_1_6_24,3.0,3.0,36.0,0.18142810020658443,0.12266458047258229,0.11753711435151042,0.09045243733374482,0.11240964823043854,0.6766160452149713,,,,,,,,,,,,,,,,,,,,,,,,,,,,,
branch1_proxy,development,18720.0,2023-07-20T09:40:00+00:00,21.0,7.0,all_1_6_24,3.0,3.0,36.0,0.14879276560014565,0.11333910126573418,0.10267248899801935,0.0658028183734794,0.09200587673030453,0.625692520073153,,,,,,,,,,,,,,,,,,,,,,,,,,,,,
branch1_proxy,development,18720.0,2023-07-20T09:40:00+00:00,21.0,14.0,all_1_6_24,3.0,3.0,36.0,0.13004164491080303,0.10745990560839763,0.0970337501769164,0.0474501005363981,0.08660759474543517,0.5955904363709784,,,,,,,,,,,,,,,,,,,,,,,,,,,,,
branch1_proxy,development,19008.0,2023-07-21T09:40:00+00:00,7.0,3.0,all_1_6_24,3.0,3.0,36.0,0.19029672551088883,0.12604043786461497,0.11241311461524431,0.11070463548673204,0.09878579136587366,0.6906646759240423,,,,,,,,,,,,,,,,,,,,,,,,,,,,,
branch1_proxy,development,19008.0,2023-07-21T09:40:00+00:00,7.0,7.0,all_1_6_24,3.0,3.0,36.0,0.1861041877311637,0.1227300272037266,0.11245432081859981,0.10449401523669015,0.10217861443347302,0.6914430017396539,,,,,,,,,,,,,,,,,,,,,,,,,,,,,
branch1_proxy,development,19008.0,2023-07-21T09:40:00+00:00,7.0,14.0,all_1_6_24,3.0,3.0,36.0,0.18504655711174336,0.12197808517876606,0.11296424623284462,0.10220511375813389,0.10395040728692317,0.6920057323098806,,,,,,,,,,,,,,,,,,,,,,,,,,,,,
branch1_proxy,development,19008.0,2023-07-21T09:40:00+00:00,14.0,3.0,all_1_6_24,3.0,3.0,36.0,0.18374527334269833,0.12963427227827873,0.1154920682366378,0.09721283165270349,0.10134986419499688,0.686031059987925,,,,,,,,,,,,,,,,,,,,,,,,,,,,,
branch1_proxy,development,19008.0,2023-07-21T09:40:00+00:00,14.0,7.0,all_1_6_24,3.0,3.0,36.0,0.1688696489603977,0.12306804547040961,0.11375141323723287,0.07831925843993229,0.10443478100405611,0.6660199235320662,,,,,,,,,,,,,,,,,,,,,,,,,,,,,
branch1_proxy,development,19008.0,2023-07-21T09:40:00+00:00,14.0,14.0,all_1_6_24,3.0,3.0,36.0,0.16210796154571808,0.11995134515431895,0.11241867603270422,0.07053990071100259,0.1048860069110895,0.6564572780595752,,,,,,,,,,,,,,,,,,,,,,,,,,,,,
branch1_proxy,development,19008.0,2023-07-21T09:40:00+00:00,21.0,3.0,all_1_6_24,3.0,3.0,36.0,0.17858189997573934,0.11934953501663587,0.10808882836350525,0.1001153433139681,0.09682812171037464,0.6715262848316961,,,,,,,,,,,,,,,,,,,,,,,,,,,,,
branch1_proxy,development,19008.0,2023-07-21T09:40:00+00:00,21.0,7.0,all_1_6_24,3.0,3.0,36.0,0.14995639762301385,0.0956721600106401,0.09364760068198362,0.07964981975001068,0.09162304135332713,0.6093722754744255,,,,,,,,,,,,,,,,,,,,,,,,,,,,,
branch1_proxy,development,19008.0,2023-07-21T09:40:00+00:00,21.0,14.0,all_1_6_24,3.0,3.0,36.0,0.13622034845430317,0.08894873967163051,0.08851792518461205,0.06746233101281801,0.08808711069759356,0.583958903430531,,,,,,,,,,,,,,,,,,,,,,,,,,,,,
branch1_proxy,development,19296.0,2023-07-22T09:40:00+00:00,7.0,3.0,all_1_6_24,3.0,3.0,36.0,0.22605615982375116,0.17613740847731718,0.14000965385693237,0.12521240146568038,0.10388189923654756,0.7346027079898487,,,,,,,,,,,,,,,,,,,,,,,,,,,,,
branch1_proxy,development,19296.0,2023-07-22T09:40:00+00:00,7.0,7.0,all_1_6_24,3.0,3.0,36.0,0.22335328724245415,0.17056152783839287,0.13492661097555153,0.12839438857586782,0.09929169411271017,0.7253554930624159,,,,,,,,,,,,,,,,,,,,,,,,,,,,,
branch1_proxy,development,19296.0,2023-07-22T09:40:00+00:00,7.0,14.0,all_1_6_24,3.0,3.0,36.0,0.22066304839809192,0.16784031399691923,0.13318398455081829,0.12690894637616593,0.09852765510471732,0.7194584408735687,,,,,,,,,,,,,,,,,,,,,,,,,,,,,
branch1_proxy,development,19296.0,2023-07-22T09:40:00+00:00,14.0,3.0,all_1_6_24,3.0,3.0,36.0,0.21215979749309724,0.16560250677712712,0.13575026721889671,0.11077426041824548,0.1058980276606663,0.7278459707512303,,,,,,,,,,,,,,,,,,,,,,,,,,,,,
branch1_proxy,development,19296.0,2023-07-22T09:40:00+00:00,14.0,7.0,all_1_6_24,3.0,3.0,36.0,0.19190075757533484,0.1528980058329165,0.12712554165474266,0.09399186384112637,0.10135307747656883,0.7039226968416261,,,,,,,,,,,,,,,,,,,,,,,,,,,,,
branch1_proxy,development,19296.0,2023-07-22T09:40:00+00:00,14.0,14.0,all_1_6_24,3.0,3.0,36.0,0.1825116795947622,0.14513828357171576,0.12257985571284388,0.0867346651533812,0.100021427853972,0.6934175380824001,,,,,,,,,,,,,,,,,,,,,,,,,,,,,
branch1_proxy,development,19296.0,2023-07-22T09:40:00+00:00,21.0,3.0,all_1_6_24,3.0,3.0,36.0,0.21012470163925867,0.16227125834551823,0.1305305647068172,0.11550801280928984,0.09878987106811618,0.7208747984114249,,,,,,,,,,,,,,,,,,,,,,,,,,,,,
branch1_proxy,development,19296.0,2023-07-22T09:40:00+00:00,21.0,7.0,all_1_6_24,3.0,3.0,36.0,0.17545381416532566,0.13052258754749263,0.107625984561975,0.09772784602960721,0.08472938157645739,0.6630569220788215,,,,,,,,,,,,,,,,,,,,,,,,,,,,,
branch1_proxy,development,19296.0,2023-07-22T09:40:00+00:00,21.0,14.0,all_1_6_24,3.0,3.0,36.0,0.15663520005900103,0.104538631585124,0.0922973569422991,0.09153477654461581,0.0800560822994742,0.6216427137829627,,,,,,,,,,,,,,,,,,,,,,,,,,,,,
branch1_proxy,development,19584.0,2023-07-23T09:40:00+00:00,7.0,3.0,all_1_6_24,3.0,3.0,36.0,0.23452695230422002,0.23125794578625275,0.186307763619409,0.07744154504784732,0.14135758145256527,0.7582113917944419,,,,,,,,,,,,,,,,,,,,,,,,,,,,,
branch1_proxy,development,19584.0,2023-07-23T09:40:00+00:00,7.0,7.0,all_1_6_24,3.0,3.0,36.0,0.2310985759158625,0.2356066536322294,0.19066007424018405,0.06795102281480378,0.14571349484813872,0.7588576646121766,,,,,,,,,,,,,,,,,,,,,,,,,,,,,
branch1_proxy,development,19584.0,2023-07-23T09:40:00+00:00,7.0,14.0,all_1_6_24,3.0,3.0,36.0,0.22892523929488107,0.2355193349327198,0.19125534663689758,0.06437578788356527,0.14699135834107538,0.7583199686154686,,,,,,,,,,,,,,,,,,,,,,,,,,,,,
branch1_proxy,development,19584.0,2023-07-23T09:40:00+00:00,14.0,3.0,all_1_6_24,3.0,3.0,36.0,0.218848707658686,0.20928446544194312,0.16888596737340766,0.07797805202592155,0.1284874693048722,0.7408718461930567,,,,,,,,,,,,,,,,,,,,,,,,,,,,,
branch1_proxy,development,19584.0,2023-07-23T09:40:00+00:00,14.0,7.0,all_1_6_24,3.0,3.0,36.0,0.19466960465958194,0.18155489848936948,0.15407252698417606,0.06164224141986988,0.12659015547898264,0.712845778798735,,,,,,,,,,,,,,,,,,,,,,,,,,,,,
branch1_proxy,development,19584.0,2023-07-23T09:40:00+00:00,14.0,14.0,all_1_6_24,3.0,3.0,36.0,0.18373725059964294,0.16902723200407643,0.1478274921290096,0.0536529665599717,0.1266277522539428,0.6961687875609127,,,,,,,,,,,,,,,,,,,,,,,,,,,,,
branch1_proxy,development,19584.0,2023-07-23T09:40:00+00:00,21.0,3.0,all_1_6_24,3.0,3.0,36.0,0.21057815943860483,0.20795541831709047,0.16015728516663263,0.08128737179381541,0.11235915201617483,0.7173277190767459,,,,,,,,,,,,,,,,,,,,,,,,,,,,,
branch1_proxy,development,19584.0,2023-07-23T09:40:00+00:00,21.0,7.0,all_1_6_24,3.0,3.0,36.0,0.1719742868195716,0.18241729394498335,0.13704635611754298,0.0617435720201901,0.09167541829010262,0.6523446974047736,,,,,,,,,,,,,,,,,,,,,,,,,,,,,
branch1_proxy,development,19584.0,2023-07-23T09:40:00+00:00,21.0,14.0,all_1_6_24,3.0,3.0,36.0,0.15129412054445354,0.17204635582749994,0.1291184021908337,0.04703258910534962,0.08619044855416749,0.6252310002434287,,,,,,,,,,,,,,,,,,,,,,,,,,,,,
branch1_proxy,development,19872.0,2023-07-24T09:40:00+00:00,7.0,3.0,all_1_6_24,3.0,3.0,36.0,0.24964286765327323,0.27411389468016456,0.19951862731087938,0.09345862658096837,0.1249233599415942,0.7573363622516603,,,,,,,,,,,,,,,,,,,,,,,,,,,,,
branch1_proxy,development,19872.0,2023-07-24T09:40:00+00:00,7.0,7.0,all_1_6_24,3.0,3.0,36.0,0.2385688788163264,0.2575500953798714,0.1897564556399028,0.08848327735889015,0.1219628158999342,0.7547179563495723,,,,,,,,,,,,,,,,,,,,,,,,,,,,,
branch1_proxy,development,19872.0,2023-07-24T09:40:00+00:00,7.0,14.0,all_1_6_24,3.0,3.0,36.0,0.23422358927557507,0.24944791576888042,0.185380963167824,0.08664633399011838,0.12131401056676755,0.7529881629022276,,,,,,,,,,,,,,,,,,,,,,,,,,,,,
branch1_proxy,development,19872.0,2023-07-24T09:40:00+00:00,14.0,3.0,all_1_6_24,3.0,3.0,36.0,0.2791192824842099,0.3199899369484753,0.22413845207947944,0.11032129527754389,0.1282869672104836,0.7473829341466337,,,,,,,,,,,,,,,,,,,,,,,,,,,,,
branch1_proxy,development,19872.0,2023-07-24T09:40:00+00:00,14.0,7.0,all_1_6_24,3.0,3.0,36.0,0.2642021198638724,0.2789801754767528,0.20043774840800208,0.11065441112260778,0.12189532133925136,0.7239412342051214,,,,,,,,,,,,,,,,,,,,,,,,,,,,,
branch1_proxy,development,19872.0,2023-07-24T09:40:00+00:00,14.0,14.0,all_1_6_24,3.0,3.0,36.0,0.2560091741588264,0.2613384552743629,0.19007742956684492,0.10990638022036264,0.11881640385932693,0.7128205763531485,,,,,,,,,,,,,,,,,,,,,,,,,,,,,
branch1_proxy,development,19872.0,2023-07-24T09:40:00+00:00,21.0,3.0,all_1_6_24,3.0,3.0,36.0,0.2766875665751141,0.3160824481708838,0.21870641606081262,0.11421480661276773,0.12133038395074142,0.741934990565602,,,,,,,,,,,,,,,,,,,,,,,,,,,,,
branch1_proxy,development,19872.0,2023-07-24T09:40:00+00:00,21.0,7.0,all_1_6_24,3.0,3.0,36.0,0.24870167171117152,0.25901727745447367,0.17845467324360337,0.11914768308936297,0.09789206903273306,0.686387313611589,,,,,,,,,,,,,,,,,,,,,,,,,,,,,
branch1_proxy,development,19872.0,2023-07-24T09:40:00+00:00,21.0,14.0,all_1_6_24,3.0,3.0,36.0,0.23429690505265235,0.2289900953929579,0.1599349278720889,0.1193251220041089,0.09087976035121992,0.6644150412717517,,,,,,,,,,,,,,,,,,,,,,,,,,,,,
branch1_proxy,development,20160.0,2023-07-25T09:40:00+00:00,7.0,3.0,all_1_6_24,3.0,3.0,36.0,0.3318915913850227,0.3881463321087553,0.28126621225219955,0.1128779490056346,0.17438609239564382,0.7882610094118375,,,,,,,,,,,,,,,,,,,,,,,,,,,,,
branch1_proxy,development,20160.0,2023-07-25T09:40:00+00:00,7.0,7.0,all_1_6_24,3.0,3.0,36.0,0.318346410647522,0.38778863181759854,0.27829589312950587,0.10583254598909761,0.16880315444141322,0.7856196296097036,,,,,,,,,,,,,,,,,,,,,,,,,,,,,
branch1_proxy,development,20160.0,2023-07-25T09:40:00+00:00,7.0,14.0,all_1_6_24,3.0,3.0,36.0,0.3093256201556189,0.37571600899240654,0.27089266518127864,0.10138773591818992,0.16606932137015068,0.7840460999893524,,,,,,,,,,,,,,,,,,,,,,,,,,,,,
branch1_proxy,development,20160.0,2023-07-25T09:40:00+00:00,14.0,3.0,all_1_6_24,3.0,3.0,36.0,0.32198341357870436,0.3575817536061912,0.2600912901438501,0.1183111583802863,0.16260082668150894,0.7805600689722145,,,,,,,,,,,,,,,,,,,,,,,,,,,,,
branch1_proxy,development,20160.0,2023-07-25T09:40:00+00:00,14.0,7.0,all_1_6_24,3.0,3.0,36.0,0.30365341404780305,0.3168382461060114,0.23319348443453802,0.1208035628569411,0.14954872276306463,0.765113611022712,,,,,,,,,,,,,,,,,,,,,,,,,,,,,
branch1_proxy,development,20160.0,2023-07-25T09:40:00+00:00,14.0,14.0,all_1_6_24,3.0,3.0,36.0,0.29426217164763807,0.29798931542820106,0.22012408152069693,0.12261692073141636,0.1422588476131928,0.7515489321837302,,,,,,,,,,,,,,,,,,,,,,,,,,,,,
branch1_proxy,development,20160.0,2023-07-25T09:40:00+00:00,21.0,3.0,all_1_6_24,3.0,3.0,36.0,0.3215102297736397,0.357525091348068,0.2583498304977168,0.1205637880261377,0.15917456964736565,0.7800575411729818,,,,,,,,,,,,,,,,,,,,,,,,,,,,,
branch1_proxy,development,20160.0,2023-07-25T09:40:00+00:00,21.0,7.0,all_1_6_24,3.0,3.0,36.0,0.2958734742375141,0.3079894410158716,0.21839904324459714,0.13174040571225396,0.12880864547332269,0.7421882187593837,,,,,,,,,,,,,,,,,,,,,,,,,,,,,
branch1_proxy,development,20160.0,2023-07-25T09:40:00+00:00,21.0,14.0,all_1_6_24,3.0,3.0,36.0,0.2791854504972817,0.28580262319242533,0.19458925381348774,0.14092415982494028,0.10337588443455015,0.7088620923579619,,,,,,,,,,,,,,,,,,,,,,,,,,,,,
branch1_proxy,development,20448.0,2023-07-26T09:40:00+00:00,7.0,3.0,all_1_6_24,3.0,3.0,36.0,0.2394454889811554,0.22706484119476672,0.19373982369688042,0.07013121182692231,0.16041480619899412,0.703281152011565,,,,,,,,,,,,,,,,,,,,,,,,,,,,,
branch1_proxy,development,20448.0,2023-07-26T09:40:00+00:00,7.0,7.0,all_1_6_24,3.0,3.0,36.0,0.2337044104213375,0.22924119800862827,0.1943470468662404,0.06252790300856126,0.15945289572385254,0.6983722598187575,,,,,,,,,,,,,,,,,,,,,,,,,,,,,
branch1_proxy,development,20448.0,2023-07-26T09:40:00+00:00,7.0,14.0,all_1_6_24,3.0,3.0,36.0,0.23120367961059038,0.2304638251875565,0.19452712003983336,0.059592823073007985,0.15859041489211023,0.6990181952359259,,,,,,,,,,,,,,,,,,,,,,,,,,,,,
branch1_proxy,development,20448.0,2023-07-26T09:40:00+00:00,14.0,3.0,all_1_6_24,3.0,3.0,36.0,0.2282305812132526,0.20376772069800192,0.18240388651006828,0.06711518086327965,0.16104005232213464,0.7030801977990727,,,,,,,,,,,,,,,,,,,,,,,,,,,,,
branch1_proxy,development,20448.0,2023-07-26T09:40:00+00:00,14.0,7.0,all_1_6_24,3.0,3.0,36.0,0.20662853968744344,0.17794970602225518,0.17158098343238562,0.049836761704462336,0.16521226084251606,0.6761645067809979,,,,,,,,,,,,,,,,,,,,,,,,,,,,,
branch1_proxy,development,20448.0,2023-07-26T09:40:00+00:00,14.0,14.0,all_1_6_24,3.0,3.0,36.0,0.19709628458370795,0.16732503021152972,0.16708424351865542,0.04244389084350198,0.16684345682578108,0.6608855024526644,,,,,,,,,,,,,,,,,,,,,,,,,,,,,
branch1_proxy,development,20448.0,2023-07-26T09:40:00+00:00,21.0,3.0,all_1_6_24,3.0,3.0,36.0,0.22670294028231738,0.20449537922044667,0.18392994607486224,0.06277751264520588,0.16336451292927778,0.699643027436757,,,,,,,,,,,,,,,,,,,,,,,,,,,,,
branch1_proxy,development,20448.0,2023-07-26T09:40:00+00:00,21.0,7.0,all_1_6_24,3.0,3.0,36.0,0.1960183997801553,0.180213086554733,0.1728020089974614,0.03338588996850973,0.1653909314401898,0.6521002736813558,,,,,,,,,,,,,,,,,,,,,,,,,,,,,
branch1_proxy,development,20448.0,2023-07-26T09:40:00+00:00,21.0,14.0,all_1_6_24,3.0,3.0,36.0,0.17615036308140267,0.168817285681864,0.166172272629066,0.014275455889381365,0.163527259576268,0.6280253894308391,,,,,,,,,,,,,,,,,,,,,,,,,,,,,
branch1_proxy,development,20736.0,2023-07-27T09:40:00+00:00,7.0,3.0,all_1_6_24,3.0,3.0,36.0,0.26888116132547574,0.2838419272952558,0.22819325188083922,0.07331799688254768,0.17254457646642263,0.7141629491747375,,,,,,,,,,,,,,,,,,,,,,,,,,,,,
branch1_proxy,development,20736.0,2023-07-27T09:40:00+00:00,7.0,7.0,all_1_6_24,3.0,3.0,36.0,0.2548073658789332,0.2578908390641024,0.21373125355642547,0.0683706077336533,0.16957166804874857,0.7101300402745921,,,,,,,,,,,,,,,,,,,,,,,,,,,,,
branch1_proxy,development,20736.0,2023-07-27T09:40:00+00:00,7.0,14.0,all_1_6_24,3.0,3.0,36.0,0.25054698818280813,0.2503986813278779,0.2096059724667701,0.06679593500510701,0.16881326360566232,0.7081420454211168,,,,,,,,,,,,,,,,,,,,,,,,,,,,,
branch1_proxy,development,20736.0,2023-07-27T09:40:00+00:00,14.0,3.0,all_1_6_24,3.0,3.0,36.0,0.2971172237855789,0.3256611063619682,0.251036265893399,0.08921595842202962,0.1764114254248298,0.7106349651855695,,,,,,,,,,,,,,,,,,,,,,,,,,,,,
branch1_proxy,development,20736.0,2023-07-27T09:40:00+00:00,14.0,7.0,all_1_6_24,3.0,3.0,36.0,0.2830777851229778,0.2807699604569446,0.22781849675095106,0.0893107845774353,0.17486703304495751,0.6937458596648417,,,,,,,,,,,,,,,,,,,,,,,,,,,,,
branch1_proxy,development,20736.0,2023-07-27T09:40:00+00:00,14.0,14.0,all_1_6_24,3.0,3.0,36.0,0.2758595276176099,0.26268330708037724,0.2191550963647964,0.08771500327467796,0.1756268856492156,0.6878720487216788,,,,,,,,,,,,,,,,,,,,,,,,,,,,,
branch1_proxy,development,20736.0,2023-07-27T09:40:00+00:00,21.0,3.0,all_1_6_24,3.0,3.0,36.0,0.2974595023907352,0.3182374132771316,0.2504721098025471,0.08646996219000791,0.1827068063279625,0.7041909120663928,,,,,,,,,,,,,,,,,,,,,,,,,,,,,
branch1_proxy,development,20736.0,2023-07-27T09:40:00+00:00,21.0,7.0,all_1_6_24,3.0,3.0,36.0,0.2765337684002451,0.2589227277358593,0.21982846491836813,0.08631274805094302,0.18073420210087698,0.6799513365064188,,,,,,,,,,,,,,,,,,,,,,,,,,,,,
branch1_proxy,development,20736.0,2023-07-27T09:40:00+00:00,21.0,14.0,all_1_6_24,3.0,3.0,36.0,0.2608816185044744,0.2283769820891237,0.19968760230435284,0.08965565001172358,0.17099822251958202,0.6654382824621564,,,,,,,,,,,,,,,,,,,,,,,,,,,,,
branch1_proxy,development,21024.0,2023-07-28T09:40:00+00:00,7.0,3.0,all_1_6_24,3.0,3.0,36.0,0.33930459532986257,0.3886014119917823,0.2921805439163929,0.10314718437026328,0.1957596758410036,0.7267358170366108,,,,,,,,,,,,,,,,,,,,,,,,,,,,,
branch1_proxy,development,21024.0,2023-07-28T09:40:00+00:00,7.0,7.0,all_1_6_24,3.0,3.0,36.0,0.32684965468403687,0.39164132953017194,0.28985623939327454,0.09820299689520932,0.1880711492563772,0.7233337493686195,,,,,,,,,,,,,,,,,,,,,,,,,,,,,
branch1_proxy,development,21024.0,2023-07-28T09:40:00+00:00,7.0,14.0,all_1_6_24,3.0,3.0,36.0,0.3175006257342647,0.3783522139952027,0.28155027782070974,0.09397835705610635,0.18474834164621684,0.7210687687252619,,,,,,,,,,,,,,,,,,,,,,,,,,,,,
branch1_proxy,development,21024.0,2023-07-28T09:40:00+00:00,14.0,3.0,all_1_6_24,3.0,3.0,36.0,0.33638950653356287,0.3662217177849775,0.28135070875600443,0.10421418955207244,0.19647969972703133,0.7240096797044991,,,,,,,,,,,,,,,,,,,,,,,,,,,,,
branch1_proxy,development,21024.0,2023-07-28T09:40:00+00:00,14.0,7.0,all_1_6_24,3.0,3.0,36.0,0.3179922890014158,0.3224114293667548,0.2540459724816111,0.10627395380012797,0.18568051559646737,0.7057405036397881,,,,,,,,,,,,,,,,,,,,,,,,,,,,,
branch1_proxy,development,21024.0,2023-07-28T09:40:00+00:00,14.0,14.0,all_1_6_24,3.0,3.0,36.0,0.3093441137536596,0.301930187551833,0.24229999994574386,0.10658486090999243,0.18266981233965474,0.6955840941473945,,,,,,,,,,,,,,,,,,,,,,,,,,,,,
branch1_proxy,development,21024.0,2023-07-28T09:40:00+00:00,21.0,3.0,all_1_6_24,3.0,3.0,36.0,0.3356752605179299,0.3633897380582192,0.27915815378031816,0.10544353892624865,0.19492656950241705,0.7188863812698076,,,,,,,,,,,,,,,,,,,,,,,,,,,,,
branch1_proxy,development,21024.0,2023-07-28T09:40:00+00:00,21.0,7.0,all_1_6_24,3.0,3.0,36.0,0.3162005249734611,0.3097625614852172,0.24800419829941123,0.1088310995346798,0.1862458351136053,0.6892889426379992,,,,,,,,,,,,,,,,,,,,,,,,,,,,,
branch1_proxy,development,21024.0,2023-07-28T09:40:00+00:00,21.0,14.0,all_1_6_24,3.0,3.0,36.0,0.3026717998909482,0.28505108906047016,0.22916739001991063,0.11352439570396107,0.1732836909793511,0.6766227791093137,,,,,,,,,,,,,,,,,,,,,,,,,,,,,
branch1_proxy,development,21312.0,2023-07-29T09:40:00+00:00,7.0,3.0,all_1_6_24,3.0,3.0,36.0,0.1949909665766827,0.19625395440857007,0.17918582559327656,0.02634044375444327,0.16211769677798307,0.6365460817152014,,,,,,,,,,,,,,,,,,,,,,,,,,,,,
branch1_proxy,development,21312.0,2023-07-29T09:40:00+00:00,7.0,7.0,all_1_6_24,3.0,3.0,36.0,0.19197395160206351,0.18690450549262191,0.17336483532338584,0.02854493877276951,0.15982516515414977,0.6312692953198676,,,,,,,,,,,,,,,,,,,,,,,,,,,,,
branch1_proxy,development,21312.0,2023-07-29T09:40:00+00:00,7.0,14.0,all_1_6_24,3.0,3.0,36.0,0.19023629586226373,0.18303029775379373,0.17097020347729291,0.02897116752125322,0.15891010920079213,0.6274703113547228,,,,,,,,,,,,,,,,,,,,,,,,,,,,,
branch1_proxy,development,21312.0,2023-07-29T09:40:00+00:00,14.0,3.0,all_1_6_24,3.0,3.0,36.0,0.18725978244970634,0.19480515665519635,0.17793644756506322,0.0190670233034446,0.1610677384749301,0.6399490729156526,,,,,,,,,,,,,,,,,,,,,,,,,,,,,
branch1_proxy,development,21312.0,2023-07-29T09:40:00+00:00,14.0,7.0,all_1_6_24,3.0,3.0,36.0,0.17651827601470968,0.17920446023095063,0.172131746766228,0.008475383660831073,0.1650590333015054,0.6170409926017416,,,,,,,,,,,,,,,,,,,,,,,,,,,,,
branch1_proxy,development,21312.0,2023-07-29T09:40:00+00:00,14.0,14.0,all_1_6_24,3.0,3.0,36.0,0.1717152007072654,0.16713216003277515,0.16710672801220128,0.006517397667327293,0.1670812959916274,0.6006956120416989,,,,,,,,,,,,,,,,,,,,,,,,,,,,,
branch1_proxy,development,21312.0,2023-07-29T09:40:00+00:00,21.0,3.0,all_1_6_24,3.0,3.0,36.0,0.1877614194785161,0.19507634925186249,0.17845953341136905,0.01889786269917716,0.1618427175708756,0.636618095090801,,,,,,,,,,,,,,,,,,,,,,,,,,,,,
branch1_proxy,development,21312.0,2023-07-29T09:40:00+00:00,21.0,7.0,all_1_6_24,3.0,3.0,36.0,0.17667645326534287,0.18258298794386602,0.17360271580738618,0.008524039477719255,0.1646224436709063,0.6005246400360839,,,,,,,,,,,,,,,,,,,,,,,,,,,,,
branch1_proxy,development,21312.0,2023-07-29T09:40:00+00:00,21.0,14.0,all_1_6_24,3.0,3.0,36.0,0.1670866647994128,0.1674598585583152,0.16511596103178627,0.003380816038974479,0.16277206350525739,0.58328621299435,,,,,,,,,,,,,,,,,,,,,,,,,,,,,
branch1_proxy,development,21600.0,2023-07-30T09:40:00+00:00,7.0,3.0,all_1_6_24,3.0,3.0,36.0,0.19091641652995006,0.17344651462589503,0.151929490504928,0.057867224630550614,0.13041246638396098,0.6506490442791532,,,,,,,,,,,,,,,,,,,,,,,,,,,,,
branch1_proxy,development,21600.0,2023-07-30T09:40:00+00:00,7.0,7.0,all_1_6_24,3.0,3.0,36.0,0.18425152606941533,0.1702396166885616,0.14833156700394967,0.053855937579048864,0.12642351731933776,0.6482743508264329,,,,,,,,,,,,,,,,,,,,,,,,,,,,,
branch1_proxy,development,21600.0,2023-07-30T09:40:00+00:00,7.0,14.0,all_1_6_24,3.0,3.0,36.0,0.18112739291140065,0.16950958354205095,0.14718916977848454,0.05133945746262878,0.12486875601491813,0.6463522119715749,,,,,,,,,,,,,,,,,,,,,,,,,,,,,
branch1_proxy,development,21600.0,2023-07-30T09:40:00+00:00,14.0,3.0,all_1_6_24,3.0,3.0,36.0,0.22583620468083807,0.1760564302090475,0.15163557867659655,0.10681315988782773,0.12721472714414558,0.6479602876870044,,,,,,,,,,,,,,,,,,,,,,,,,,,,,
branch1_proxy,development,21600.0,2023-07-30T09:40:00+00:00,14.0,7.0,all_1_6_24,3.0,3.0,36.0,0.22565721108065784,0.1741691500071865,0.146813725378348,0.1137166213875382,0.11945830074950949,0.6391422475162779,,,,,,,,,,,,,,,,,,,,,,,,,,,,,
branch1_proxy,development,21600.0,2023-07-30T09:40:00+00:00,14.0,14.0,all_1_6_24,3.0,3.0,36.0,0.2239620457733964,0.17518259117555784,0.1458288000837214,0.11306652112059966,0.11647500899188498,0.6357555274513748,,,,,,,,,,,,,,,,,,,,,,,,,,,,,
branch1_proxy,development,21600.0,2023-07-30T09:40:00+00:00,21.0,3.0,all_1_6_24,3.0,3.0,36.0,0.22818480603823632,0.18203222813881775,0.15372402197258492,0.10781026428364679,0.12541581580635208,0.6443873092679026,,,,,,,,,,,,,,,,,,,,,,,,,,,,,
branch1_proxy,development,21600.0,2023-07-30T09:40:00+00:00,21.0,7.0,all_1_6_24,3.0,3.0,36.0,0.22694370720308357,0.17913210643727173,0.15125797094145416,0.10942869657158485,0.12338383544563655,0.6274634476757276,,,,,,,,,,,,,,,,,,,,,,,,,,,,,
branch1_proxy,development,21600.0,2023-07-30T09:40:00+00:00,21.0,14.0,all_1_6_24,3.0,3.0,36.0,0.2198069064054767,0.1699457210522563,0.14282160303835395,0.11110334102871935,0.1156974850244516,0.614733382523407,,,,,,,,,,,,,,,,,,,,,,,,,,,,,
branch1_proxy,development,21888.0,2023-07-31T09:40:00+00:00,7.0,3.0,all_1_6_24,3.0,3.0,36.0,0.2345730834975995,0.19649625827547595,0.1371976504417064,0.14597317054740197,0.07789904260793681,0.590564008172107,,,,,,,,,,,,,,,,,,,,,,,,,,,,,
branch1_proxy,development,21888.0,2023-07-31T09:40:00+00:00,7.0,7.0,all_1_6_24,3.0,3.0,36.0,0.22229907583637484,0.18842644385473561,0.13372336181828665,0.13298972021859157,0.07902027978183768,0.5876218123480853,,,,,,,,,,,,,,,,,,,,,,,,,,,,,
branch1_proxy,development,21888.0,2023-07-31T09:40:00+00:00,7.0,14.0,all_1_6_24,3.0,3.0,36.0,0.2151892157020474,0.1853085085075637,0.13247198006284497,0.12468125214178115,0.07963545161812624,0.5862247963196062,,,,,,,,,,,,,,,,,,,,,,,,,,,,,
branch1_proxy,development,21888.0,2023-07-31T09:40:00+00:00,14.0,3.0,all_1_6_24,3.0,3.0,36.0,0.24000478808525463,0.19562225572364933,0.1378490834058817,0.15197610214608576,0.0800759110881141,0.5908443852916275,,,,,,,,,,,,,,,,,,,,,,,,,,,,,
branch1_proxy,development,21888.0,2023-07-31T09:40:00+00:00,14.0,7.0,all_1_6_24,3.0,3.0,36.0,0.23742522719933434,0.1850781211552528,0.1349146593529822,0.15064665603221458,0.08475119755071162,0.5875735601052304,,,,,,,,,,,,,,,,,,,,,,,,,,,,,
branch1_proxy,development,21888.0,2023-07-31T09:40:00+00:00,14.0,14.0,all_1_6_24,3.0,3.0,36.0,0.2368858712529125,0.18343013665093869,0.13509207792882044,0.1492704413672197,0.08675401920670217,0.5853200830879336,,,,,,,,,,,,,,,,,,,,,,,,,,,,,
branch1_proxy,development,21888.0,2023-07-31T09:40:00+00:00,21.0,3.0,all_1_6_24,3.0,3.0,36.0,0.24048680328336788,0.19454349451967537,0.1374209523934363,0.15303745440895788,0.08029841026719724,0.5866481998114713,,,,,,,,,,,,,,,,,,,,,,,,,,,,,
branch1_proxy,development,21888.0,2023-07-31T09:40:00+00:00,21.0,7.0,all_1_6_24,3.0,3.0,36.0,0.24166319632173924,0.18782880752278475,0.13684911062253569,0.1539629981065174,0.08586941372228662,0.5738843720090104,,,,,,,,,,,,,,,,,,,,,,,,,,,,,
branch1_proxy,development,21888.0,2023-07-31T09:40:00+00:00,21.0,14.0,all_1_6_24,3.0,3.0,36.0,0.23812123043412547,0.17498685319795226,0.1327331964260941,0.15298210058005243,0.09047953965423593,0.5705108443588859,,,,,,,,,,,,,,,,,,,,,,,,,,,,,
branch1_proxy,development,22176.0,2023-08-01T09:40:00+00:00,7.0,3.0,all_1_6_24,3.0,3.0,36.0,0.146330573455317,0.16101573596132615,0.1218212470383846,0.04717576500821732,0.08262675811544302,0.5493181163999871,,,,,,,,,,,,,,,,,,,,,,,,,,,,,
branch1_proxy,development,22176.0,2023-08-01T09:40:00+00:00,7.0,7.0,all_1_6_24,3.0,3.0,36.0,0.1429719362099672,0.15944922999080935,0.12152312428113221,0.04334777267463083,0.08359701857145507,0.5469027144726989,,,,,,,,,,,,,,,,,,,,,,,,,,,,,
branch1_proxy,development,22176.0,2023-08-01T09:40:00+00:00,7.0,14.0,all_1_6_24,3.0,3.0,36.0,0.14154996931900232,0.1586873315419681,0.12131214047866136,0.041837893952185595,0.08393694941535462,0.5457239104044976,,,,,,,,,,,,,,,,,,,,,,,,,,,,,
branch1_proxy,development,22176.0,2023-08-01T09:40:00+00:00,14.0,3.0,all_1_6_24,3.0,3.0,36.0,0.14540014352262312,0.15972905702877258,0.12179975052654912,0.04553070715057422,0.08387044402432567,0.5531033655256875,,,,,,,,,,,,,,,,,,,,,,,,,,,,,
branch1_proxy,development,22176.0,2023-08-01T09:40:00+00:00,14.0,7.0,all_1_6_24,3.0,3.0,36.0,0.14429673510685304,0.16423234813070986,0.12481638008076841,0.04236406679518943,0.08540041203082696,0.544860345364489,,,,,,,,,,,,,,,,,,,,,,,,,,,,,
branch1_proxy,development,22176.0,2023-08-01T09:40:00+00:00,14.0,14.0,all_1_6_24,3.0,3.0,36.0,0.143954965206923,0.16706304192396165,0.12625563310472565,0.0416736822237719,0.08544822428548962,0.5390987248477329,,,,,,,,,,,,,,,,,,,,,,,,,,,,,
branch1_proxy,development,22176.0,2023-08-01T09:40:00+00:00,21.0,3.0,all_1_6_24,3.0,3.0,36.0,0.14633453900865087,0.1611474005764948,0.12228676773490466,0.04651189593033962,0.08342613489331452,0.5496582251448537,,,,,,,,,,,,,,,,,,,,,,,,,,,,,
branch1_proxy,development,22176.0,2023-08-01T09:40:00+00:00,21.0,7.0,all_1_6_24,3.0,3.0,36.0,0.14535432726576944,0.16469514917766748,0.12550349989951531,0.0425687789701651,0.08631185062136312,0.5284732412680248,,,,,,,,,,,,,,,,,,,,,,,,,,,,,
branch1_proxy,development,22176.0,2023-08-01T09:40:00+00:00,21.0,14.0,all_1_6_24,3.0,3.0,36.0,0.1401041846815078,0.16236289473391818,0.12527703573559293,0.036831996735055376,0.08819117673726767,0.5191420707663635,,,,,,,,,,,,,,,,,,,,,,,,,,,,,
branch1_proxy,development,22464.0,2023-08-02T09:40:00+00:00,7.0,3.0,all_1_6_24,3.0,3.0,36.0,0.12475178381470313,0.1299382672158459,0.10147135177965855,0.0403013715371742,0.07300443634347119,0.5314684105188731,,,,,,,,,,,,,,,,,,,,,,,,,,,,,
branch1_proxy,development,22464.0,2023-08-02T09:40:00+00:00,7.0,7.0,all_1_6_24,3.0,3.0,36.0,0.12331239684609345,0.1264346607046613,0.10053206591609119,0.03853807510001946,0.07462947112752108,0.5340016303144658,,,,,,,,,,,,,,,,,,,,,,,,,,,,,
branch1_proxy,development,22464.0,2023-08-02T09:40:00+00:00,7.0,14.0,all_1_6_24,3.0,3.0,36.0,0.12269156022435641,0.1247752838879554,0.10001582348001456,0.037908644488106547,0.07525636307207373,0.5344298091542939,,,,,,,,,,,,,,,,,,,,,,,,,,,,,
branch1_proxy,development,22464.0,2023-08-02T09:40:00+00:00,14.0,3.0,all_1_6_24,3.0,3.0,36.0,0.1261108519026468,0.12751135527319718,0.10091434208548748,0.04172923380881255,0.07431732889777778,0.5319038435492497,,,,,,,,,,,,,,,,,,,,,,,,,,,,,
branch1_proxy,development,22464.0,2023-08-02T09:40:00+00:00,14.0,7.0,all_1_6_24,3.0,3.0,36.0,0.12356534662369738,0.11974970994300346,0.09794536398645443,0.04036979096296939,0.07614101802990537,0.5256685350393718,,,,,,,,,,,,,,,,,,,,,,,,,,,,,
branch1_proxy,development,22464.0,2023-08-02T09:40:00+00:00,14.0,14.0,all_1_6_24,3.0,3.0,36.0,0.1230552710873159,0.11672817550100431,0.09675663891763575,0.040609657599223324,0.07678510233426719,0.5236697661639239,,,,,,,,,,,,,,,,,,,,,,,,,,,,,
branch1_proxy,development,22464.0,2023-08-02T09:40:00+00:00,21.0,3.0,all_1_6_24,3.0,3.0,36.0,0.12762517762898548,0.12600427113536103,0.10000518588519637,0.0444563026324822,0.07400610063503171,0.5278538559897116,,,,,,,,,,,,,,,,,,,,,,,,,,,,,
branch1_proxy,development,22464.0,2023-08-02T09:40:00+00:00,21.0,7.0,all_1_6_24,3.0,3.0,36.0,0.12609365518699475,0.12396821064285166,0.09938800877350495,0.0427688436054788,0.07480780690415827,0.5117326949050919,,,,,,,,,,,,,,,,,,,,,,,,,,,,,
branch1_proxy,development,22464.0,2023-08-02T09:40:00+00:00,21.0,14.0,all_1_6_24,3.0,3.0,36.0,0.12041408251473085,0.11628150278162974,0.09562830687718998,0.03889780219096112,0.07497511097275023,0.5002194393418905,,,,,,,,,,,,,,,,,,,,,,,,,,,,,
branch1_proxy,development,22752.0,2023-08-03T09:40:00+00:00,7.0,3.0,all_1_6_24,3.0,3.0,36.0,0.1314872042979703,0.1184831173457602,0.0983829169232696,0.04960980806779104,0.078282716500779,0.5242312441663054,,,,,,,,,,,,,,,,,,,,,,,,,,,,,
branch1_proxy,development,22752.0,2023-08-03T09:40:00+00:00,7.0,7.0,all_1_6_24,3.0,3.0,36.0,0.12848357771927774,0.1162191442624153,0.09784161665280858,0.045858644078217055,0.07946408904320187,0.5195907386049871,,,,,,,,,,,,,,,,,,,,,,,,,,,,,
branch1_proxy,development,22752.0,2023-08-03T09:40:00+00:00,7.0,14.0,all_1_6_24,3.0,3.0,36.0,0.12739710281220204,0.1153103559987891,0.09768558027965143,0.04441438530293754,0.08006080456051376,0.5180270930066065,,,,,,,,,,,,,,,,,,,,,,,,,,,,,
branch1_proxy,development,22752.0,2023-08-03T09:40:00+00:00,14.0,3.0,all_1_6_24,3.0,3.0,36.0,0.132554204328296,0.12012173996402489,0.10045260562930652,0.048155392654544854,0.08078347129458816,0.5254906798748239,,,,,,,,,,,,,,,,,,,,,,,,,,,,,
branch1_proxy,development,22752.0,2023-08-03T09:40:00+00:00,14.0,7.0,all_1_6_24,3.0,3.0,36.0,0.1300195335514207,0.11827344996516634,0.10186912254207142,0.042003483015816544,0.08546479511897652,0.5231062393259694,,,,,,,,,,,,,,,,,,,,,,,,,,,,,
branch1_proxy,development,22752.0,2023-08-03T09:40:00+00:00,14.0,14.0,all_1_6_24,3.0,3.0,36.0,0.12946823272721017,0.11708160346156024,0.10227075301270801,0.04031930885221569,0.08745990256385577,0.5232781114448352,,,,,,,,,,,,,,,,,,,,,,,,,,,,,
branch1_proxy,development,22752.0,2023-08-03T09:40:00+00:00,21.0,3.0,all_1_6_24,3.0,3.0,36.0,0.13233715781334512,0.12012508610528184,0.10039150592533058,0.047965183278215376,0.08065792574537932,0.5228357475193391,,,,,,,,,,,,,,,,,,,,,,,,,,,,,
branch1_proxy,development,22752.0,2023-08-03T09:40:00+00:00,21.0,7.0,all_1_6_24,3.0,3.0,36.0,0.13110876590623663,0.11940277710329691,0.10296710242038544,0.04199992915498126,0.08653142773747396,0.5146199558074291,,,,,,,,,,,,,,,,,,,,,,,,,,,,,
branch1_proxy,development,22752.0,2023-08-03T09:40:00+00:00,21.0,14.0,all_1_6_24,3.0,3.0,36.0,0.12796626262554053,0.11784966451004926,0.1047169697081563,0.034583777856433046,0.09158427490626334,0.512919023659424,,,,,,,,,,,,,,,,,,,,,,,,,,,,,
branch1_proxy,development,23040.0,2023-08-04T09:40:00+00:00,7.0,3.0,all_1_6_24,3.0,3.0,36.0,0.13629413023226414,0.12984359439085352,0.10639089558777214,0.04642297856133099,0.08293819678469075,0.5740778268840292,,,,,,,,,,,,,,,,,,,,,,,,,,,,,
branch1_proxy,development,23040.0,2023-08-04T09:40:00+00:00,7.0,7.0,all_1_6_24,3.0,3.0,36.0,0.1340263388606846,0.13169867101667998,0.10786084130593218,0.041810221335473095,0.0840230115951844,0.5745140329562438,,,,,,,,,,,,,,,,,,,,,,,,,,,,,
branch1_proxy,development,23040.0,2023-08-04T09:40:00+00:00,7.0,14.0,all_1_6_24,3.0,3.0,36.0,0.13310014817684487,0.13239957934503868,0.10834935444182554,0.040134928175140666,0.0842991295386124,0.574122914383097,,,,,,,,,,,,,,,,,,,,,,,,,,,,,
branch1_proxy,development,23040.0,2023-08-04T09:40:00+00:00,14.0,3.0,all_1_6_24,3.0,3.0,36.0,0.13728826816593429,0.1339272964305558,0.1089229462265045,0.04501105046029865,0.08391859602245322,0.5744607751440757,,,,,,,,,,,,,,,,,,,,,,,,,,,,,
branch1_proxy,development,23040.0,2023-08-04T09:40:00+00:00,14.0,7.0,all_1_6_24,3.0,3.0,36.0,0.13696998703799693,0.13997363554869263,0.11281189073600106,0.04073165216453742,0.0856501459233095,0.573527200372954,,,,,,,,,,,,,,,,,,,,,,,,,,,,,
branch1_proxy,development,23040.0,2023-08-04T09:40:00+00:00,14.0,14.0,all_1_6_24,3.0,3.0,36.0,0.13663309213946948,0.14274142392786074,0.11435143311164461,0.039118696004524355,0.08596144229542847,0.5716361268862986,,,,,,,,,,,,,,,,,,,,,,,,,,,,,
branch1_proxy,development,23040.0,2023-08-04T09:40:00+00:00,21.0,3.0,all_1_6_24,3.0,3.0,36.0,0.13773912387125029,0.13585071103171129,0.10965335701708476,0.04511269042983578,0.08345600300245823,0.5724585207942953,,,,,,,,,,,,,,,,,,,,,,,,,,,,,
branch1_proxy,development,23040.0,2023-08-04T09:40:00+00:00,21.0,7.0,all_1_6_24,3.0,3.0,36.0,0.1383851424212079,0.1458974741238115,0.11620729310671433,0.039640701721649206,0.08651711208961718,0.565640545721324,,,,,,,,,,,,,,,,,,,,,,,,,,,,,
branch1_proxy,development,23040.0,2023-08-04T09:40:00+00:00,21.0,14.0,all_1_6_24,3.0,3.0,36.0,0.13552805764026662,0.15013015946614064,0.11930852838936015,0.03405086714114824,0.08848689731257967,0.5627737132436165,,,,,,,,,,,,,,,,,,,,,,,,,,,,,
branch1_proxy_pooled,pooled_development,,,7.0,3.0,all_1_6_24,,,,0.16072553197130068,0.14131235184379057,0.13268893578154378,0.03940822452238763,0.12475178381470313,0.5700514417367425,6.0,,,,,,,,,,,,,,,,,,,,,,,,,,,,
branch1_proxy_pooled,pooled_development,,,7.0,7.0,all_1_6_24,,,,0.1558908085903022,0.1384991375353259,0.12986926800462945,0.03575809878075516,0.12331239684609345,0.5684842132538189,6.0,,,,,,,,,,,,,,,,,,,,,,,,,,,,
branch1_proxy_pooled,pooled_development,,,7.0,14.0,all_1_6_24,,,,0.15350923152430898,0.1373250587479236,0.12882286415336275,0.03356165980296087,0.12269156022435641,0.5674801225399461,6.0,,,,,,,,,,,,,,,,,,,,,,,,,,,,
branch1_proxy_pooled,pooled_development,,,14.0,3.0,all_1_6_24,,,,0.16786574344759883,0.1413442058442787,0.13373772028770559,0.046537936271252266,0.1261108519026468,0.5706272228454116,6.0,,,,,,,,,,,,,,,,,,,,,,,,,,,,
branch1_proxy_pooled,pooled_development,,,14.0,7.0,all_1_6_24,,,,0.16632234009999336,0.14063336107242497,0.13175714692306476,0.04667081462787848,0.12356534662369738,0.5656463546207154,6.0,,,,,,,,,,,,,,,,,,,,,,,,,,,,
branch1_proxy_pooled,pooled_development,,,14.0,14.0,all_1_6_24,,,,0.16565991303120456,0.14029402867319624,0.131259447580275,0.04638773210023276,0.1230552710873159,0.5631263899803498,6.0,,,,,,,,,,,,,,,,,,,,,,,,,,,,
branch1_proxy_pooled,pooled_development,,,21.0,3.0,all_1_6_24,,,,0.16878460127397266,0.14203683143995058,0.1336876493278214,0.046832914621228225,0.12762517762898548,0.5673069764212623,6.0,,,,,,,,,,,,,,,,,,,,,,,,,,,,
branch1_proxy_pooled,pooled_development,,,21.0,7.0,all_1_6_24,,,,0.16825813238417195,0.14186973484348867,0.13292786003497944,0.047270848114450606,0.12609365518699475,0.5536357095644346,6.0,,,,,,,,,,,,,,,,,,,,,,,,,,,,
branch1_proxy_pooled,pooled_development,,,21.0,14.0,all_1_6_24,,,,0.163656787383608,0.1378161211608872,0.12985671137922206,0.04688191683704521,0.12041408251473085,0.5467164123155979,6.0,,,,,,,,,,,,,,,,,,,,,,,,,,,,
pooled_parallel_weight_summary,,,,,,,,,,,,,,,,,"{'logistic': 0.16182824858141787, 'extra_trees': 0.13965307732636323, 'hist_gradient_boosting': 0.14486101669146545, 'cnn': 0.1438247611963827}","{'1': 0.17104761291718928, '6': 0.15942533652015295, '24': 0.17259310251419813}","{'logistic': 0.2589842586973467, 'extra_trees': 0.2450390757023496, 'hist_gradient_boosting': 0.24831416506413503, 'cnn': 0.2476625005361686}","{'1': 0.3363784174671437, '6': 0.32584207979590973, '24': 0.3377795027369465}",,,,,,,,,,,,,,,,,,,,,,,,
cascade_alpha,,,,,,,,,,0.19487949583756403,,,,,0.5921125017478721,,,,,,0.0,latest_pooled_oof_blocks,864859.0,,,,,,,,,,,,,,,,,,,,,
cascade_alpha,,,,,,,,,,0.5353375990886812,,,,,0.784953937422243,,,,,,0.25,latest_pooled_oof_blocks,864859.0,,,,,,,,,,,,,,,,,,,,,
cascade_alpha,,,,,,,,,,0.6332884240870341,,,,,0.8370849949322618,,,,,,0.5,latest_pooled_oof_blocks,864859.0,,,,,,,,,,,,,,,,,,,,,
cascade_alpha,,,,,,,,,,0.67477372779341,,,,,0.8625106465086156,,,,,,0.75,latest_pooled_oof_blocks,864859.0,,,,,,,,,,,,,,,,,,,,,
cascade_alpha,,,,,,,,,,0.6965344616139633,,,,,0.8786845665651739,,,,,,1.0,latest_pooled_oof_blocks,864859.0,,,,,,,,,,,,,,,,,,,,,
branch2_history_only,,,,,,,,,,0.1548065119145009,0.12238591205803903,0.10864396982334348,0.061654145437346965,0.08605397609110205,0.5367542273688446,,,,,,,,,7.0,0.0,history_only,6.0,18.0,,,,,,,,,,,,,,,,
branch2_history_only,,,,,,,,,,0.15447181082075176,0.11854694835636498,0.1035759648005634,0.06192755592329678,0.09110964301534491,0.5382219034893585,,,,,,,,,14.0,0.0,history_only,6.0,18.0,,,,,,,,,,,,,,,,
branch2_history_only,,,,,,,,,,0.15100166665902376,0.11618764853741352,0.09532555141359682,0.0628696490223134,0.09008156082471534,0.5383771861876527,,,,,,,,,21.0,0.0,history_only,6.0,18.0,,,,,,,,,,,,,,,,
fusion_pareto_alpha,code_faithful_pareto_formula,,,,,,,,,,,,,,,,,,,,,,,7.0,0.0,,6.0,18.0,1.0,1.0,18.0,,,,,,,,,,,,,
branch1_proxy_pooled,heldout_preselection,23040.0,2023-08-04T09:40:00+00:00,,,all_1_6_24,3.0,,36.0,0.16878460127397266,0.14203683143995058,0.1336876493278214,0.046832914621228225,0.12762517762898548,0.5673069764212623,6.0,,,"{'logistic': 0.2589842586973467, 'extra_trees': 0.2450390757023496, 'hist_gradient_boosting': 0.24831416506413503, 'cnn': 0.2476625005361686}","{'1': 0.3363784174671437, '6': 0.32584207979590973, '24': 0.3377795027369465}",,,,,,,6.0,18.0,,1.0,18.0,21.0,3.0,"[1, 6, 24]",6.0,pooled_latest_development_origins,9.0,1.0,0.6965344616139633,7.0,0.0,,,all_gpus_before_top100
