selection_role,selection_stage,selection_origin_idx,selection_origin_time,candidate_train_days,candidate_half_life_days,candidate_input_hours,validation_block_count,validation_block_days,purge_hours,val_pr_auc_mean,val_pr_auc_median,val_pr_auc_q25,val_pr_auc_std,val_pr_auc_min,val_roc_auc_mean,selection_origin_count,selected_train_days,selected_half_life_days,selected_input_hours,validation_origin_count,adst_action,candidate_count,family_validation_pr_auc,input_validation_pr_auc,selected_family_weights,selected_input_weights,candidate_cascade_alpha,validation_scope,validation_samples,selected_cascade_alpha,cascade_validation_pr_auc
branch1_proxy,development,18144.0,2023-07-18T09:40:00+00:00,7.0,3.0,all_1_6_24,3.0,3.0,36.0,0.14420563585864943,0.12265297305295447,0.11333263118299419,0.04431926613172519,0.1040122893130339,0.6536101375973885,,,,,,,,,,,,,,,,
branch1_proxy,development,18144.0,2023-07-18T09:40:00+00:00,7.0,7.0,all_1_6_24,3.0,3.0,36.0,0.14519432521935058,0.12124127501613718,0.11308849099364708,0.04588988023012215,0.10493570697115698,0.6533494870913515,,,,,,,,,,,,,,,,
branch1_proxy,development,18144.0,2023-07-18T09:40:00+00:00,7.0,14.0,all_1_6_24,3.0,3.0,36.0,0.14592317839875904,0.1212995579727646,0.11339139571581608,0.046457792198029306,0.10548323345886756,0.6540248416027091,,,,,,,,,,,,,,,,
branch1_proxy,development,18144.0,2023-07-18T09:40:00+00:00,14.0,3.0,all_1_6_24,3.0,3.0,36.0,0.13976496022991144,0.11116651373408375,0.1083336702567872,0.04451069512144036,0.10550082677949066,0.6391818947057959,,,,,,,,,,,,,,,,
branch1_proxy,development,18144.0,2023-07-18T09:40:00+00:00,14.0,7.0,all_1_6_24,3.0,3.0,36.0,0.13538935849403955,0.10671327715234484,0.10431394578913364,0.04399091281413447,0.10191461442592242,0.6222090058084963,,,,,,,,,,,,,,,,
branch1_proxy,development,18144.0,2023-07-18T09:40:00+00:00,14.0,14.0,all_1_6_24,3.0,3.0,36.0,0.1326287877014338,0.10698792888723618,0.10333775854735568,0.041530847252175554,0.09968758820747517,0.6155380596479912,,,,,,,,,,,,,,,,
branch1_proxy,development,18144.0,2023-07-18T09:40:00+00:00,21.0,3.0,all_1_6_24,3.0,3.0,36.0,0.13424798731483537,0.10353589418352799,0.10201157241729547,0.04560616108368115,0.10048725065106295,0.6224992396070541,,,,,,,,,,,,,,,,
branch1_proxy,development,18144.0,2023-07-18T09:40:00+00:00,21.0,7.0,all_1_6_24,3.0,3.0,36.0,0.1223586074940789,0.09360189249492949,0.08908106635632917,0.0472060878948138,0.08456024021772886,0.5775375866144424,,,,,,,,,,,,,,,,
branch1_proxy,development,18144.0,2023-07-18T09:40:00+00:00,21.0,14.0,all_1_6_24,3.0,3.0,36.0,0.11634875233150173,0.09039467058188345,0.0853408706820748,0.04404548457055054,0.08028707078226616,0.5627480241133376,,,,,,,,,,,,,,,,
branch1_proxy,development,18432.0,2023-07-19T09:40:00+00:00,7.0,3.0,all_1_6_24,3.0,3.0,36.0,0.15934421154674697,0.1787637436272401,0.14058187372676373,0.04093841839080112,0.10240000382628738,0.681411510835466,,,,,,,,,,,,,,,,
branch1_proxy,development,18432.0,2023-07-19T09:40:00+00:00,7.0,7.0,all_1_6_24,3.0,3.0,36.0,0.15586150080379524,0.16965265283314945,0.1326506937356548,0.04461217824253809,0.09564873463816012,0.6658305531301069,,,,,,,,,,,,,,,,
branch1_proxy,development,18432.0,2023-07-19T09:40:00+00:00,7.0,14.0,all_1_6_24,3.0,3.0,36.0,0.15422192419310785,0.16546363471306014,0.12965862854417123,0.04540238573882345,0.09385362237528233,0.6606239389615355,,,,,,,,,,,,,,,,
branch1_proxy,development,18432.0,2023-07-19T09:40:00+00:00,14.0,3.0,all_1_6_24,3.0,3.0,36.0,0.15981302524957008,0.17209622555518253,0.1384180814068584,0.04088559860043353,0.10473993725853427,0.6852650701687691,,,,,,,,,,,,,,,,
branch1_proxy,development,18432.0,2023-07-19T09:40:00+00:00,14.0,7.0,all_1_6_24,3.0,3.0,36.0,0.15123149097310548,0.15235268560438486,0.12600679304410495,0.041657029911935095,0.099660900483825,0.6641305019697938,,,,,,,,,,,,,,,,
branch1_proxy,development,18432.0,2023-07-19T09:40:00+00:00,14.0,14.0,all_1_6_24,3.0,3.0,36.0,0.1462922083912962,0.14237138751059464,0.12027762523767474,0.040974869870384005,0.09818386296475483,0.6516383247766389,,,,,,,,,,,,,,,,
branch1_proxy,development,18432.0,2023-07-19T09:40:00+00:00,21.0,3.0,all_1_6_24,3.0,3.0,36.0,0.1546404676579953,0.16675574569410268,0.1332148779321204,0.04084244112465472,0.09967401017013812,0.6759582947694195,,,,,,,,,,,,,,,,
branch1_proxy,development,18432.0,2023-07-19T09:40:00+00:00,21.0,7.0,all_1_6_24,3.0,3.0,36.0,0.1348654448725822,0.13219402744139105,0.10889406271712199,0.04136364288717853,0.08559409799285293,0.625549810947168,,,,,,,,,,,,,,,,
branch1_proxy,development,18432.0,2023-07-19T09:40:00+00:00,21.0,14.0,all_1_6_24,3.0,3.0,36.0,0.12209785982500333,0.10765971560243198,0.09463389608268215,0.04026975612441421,0.08160807656293231,0.5915785838356782,,,,,,,,,,,,,,,,
branch1_proxy,development,18720.0,2023-07-20T09:40:00+00:00,7.0,3.0,all_1_6_24,3.0,3.0,36.0,0.19348434864188702,0.13835468057068,0.12650026082743976,0.09522300607328626,0.11464584108419948,0.6947176837354262,,,,,,,,,,,,,,,,
branch1_proxy,development,18720.0,2023-07-20T09:40:00+00:00,7.0,7.0,all_1_6_24,3.0,3.0,36.0,0.19041104818642549,0.13980385300633147,0.12900071060703178,0.08729412569218631,0.11819756820773206,0.6966454083610593,,,,,,,,,,,,,,,,
branch1_proxy,development,18720.0,2023-07-20T09:40:00+00:00,7.0,14.0,all_1_6_24,3.0,3.0,36.0,0.18846074373185187,0.14044466814539902,0.1295955007795297,0.08371799852696109,0.11874633341366038,0.6961300815535827,,,,,,,,,,,,,,,,
branch1_proxy,development,18720.0,2023-07-20T09:40:00+00:00,14.0,3.0,all_1_6_24,3.0,3.0,36.0,0.18990815242313283,0.135807252928811,0.12191727630134233,0.09682013963405757,0.10802729967387366,0.6802495614693126,,,,,,,,,,,,,,,,
branch1_proxy,development,18720.0,2023-07-20T09:40:00+00:00,14.0,7.0,all_1_6_24,3.0,3.0,36.0,0.1745530367851862,0.13339847007543593,0.12269900765326339,0.07385119952881096,0.11199954523109083,0.6716005996280225,,,,,,,,,,,,,,,,
branch1_proxy,development,18720.0,2023-07-20T09:40:00+00:00,14.0,14.0,all_1_6_24,3.0,3.0,36.0,0.1664639834948337,0.13162790785787326,0.1228669120437166,0.06206914942222156,0.11410591622955993,0.6671858491170144,,,,,,,,,,,,,,,,
branch1_proxy,development,18720.0,2023-07-20T09:40:00+00:00,21.0,3.0,all_1_6_24,3.0,3.0,36.0,0.1833154623157807,0.1331248894138054,0.11501276695754499,0.09772008855047984,0.09690064450128458,0.6640489724658024,,,,,,,,,,,,,,,,
branch1_proxy,development,18720.0,2023-07-20T09:40:00+00:00,21.0,7.0,all_1_6_24,3.0,3.0,36.0,0.15087976599897243,0.12331617763657193,0.10470251772521824,0.06704964881689458,0.08608885781386456,0.6236748122477492,,,,,,,,,,,,,,,,
branch1_proxy,development,18720.0,2023-07-20T09:40:00+00:00,21.0,14.0,all_1_6_24,3.0,3.0,36.0,0.13223131971327848,0.11686249378239821,0.10000262989912072,0.047611765713768926,0.08314276601584322,0.600150613836408,,,,,,,,,,,,,,,,
branch1_proxy,development,19008.0,2023-07-21T09:40:00+00:00,7.0,3.0,all_1_6_24,3.0,3.0,36.0,0.20061632474888325,0.1221472251833764,0.11285870592938176,0.12433952327542143,0.10357018667538712,0.693122663882556,,,,,,,,,,,,,,,,
branch1_proxy,development,19008.0,2023-07-21T09:40:00+00:00,7.0,7.0,all_1_6_24,3.0,3.0,36.0,0.1944729315159143,0.12052634146774936,0.11249951080787804,0.11611303434777795,0.1044726801480067,0.6898623908660307,,,,,,,,,,,,,,,,
branch1_proxy,development,19008.0,2023-07-21T09:40:00+00:00,7.0,14.0,all_1_6_24,3.0,3.0,36.0,0.19134050449358067,0.1204445493573611,0.11274461110447337,0.11132903910479075,0.10504467285158564,0.6888838920713859,,,,,,,,,,,,,,,,
branch1_proxy,development,19008.0,2023-07-21T09:40:00+00:00,14.0,3.0,all_1_6_24,3.0,3.0,36.0,0.19207082226560437,0.11120065672841507,0.10816684955483286,0.11868398908001075,0.10513304238125062,0.6755854302614402,,,,,,,,,,,,,,,,
branch1_proxy,development,19008.0,2023-07-21T09:40:00+00:00,14.0,7.0,all_1_6_24,3.0,3.0,36.0,0.16923680971428626,0.10624976304981468,0.10426101804686763,0.0919039919884155,0.10227227304392059,0.648052064868336,,,,,,,,,,,,,,,,
branch1_proxy,development,19008.0,2023-07-21T09:40:00+00:00,14.0,14.0,all_1_6_24,3.0,3.0,36.0,0.159645829019102,0.1065862585634115,0.10336007335314956,0.07964365278611474,0.10013388814288762,0.6425794965377415,,,,,,,,,,,,,,,,
branch1_proxy,development,19008.0,2023-07-21T09:40:00+00:00,21.0,3.0,all_1_6_24,3.0,3.0,36.0,0.18652494099211633,0.1029696077248884,0.10171165049250525,0.11994850337405287,0.1004536932601221,0.6601117337777537,,,,,,,,,,,,,,,,
branch1_proxy,development,19008.0,2023-07-21T09:40:00+00:00,21.0,7.0,all_1_6_24,3.0,3.0,36.0,0.14827679997013996,0.0934551992265038,0.08876008255922765,0.0842566043885404,0.0840649658919515,0.6013883704682632,,,,,,,,,,,,,,,,
branch1_proxy,development,19008.0,2023-07-21T09:40:00+00:00,21.0,14.0,all_1_6_24,3.0,3.0,36.0,0.1334085099582827,0.09027285903249017,0.08511998161229087,0.06841977323928403,0.07996710419209158,0.5812190649458934,,,,,,,,,,,,,,,,
branch1_proxy,development,19296.0,2023-07-22T09:40:00+00:00,7.0,3.0,all_1_6_24,3.0,3.0,36.0,0.23893596982007223,0.17977115000211372,0.14163165969972863,0.1410886412260362,0.10349216939734351,0.7366217027999525,,,,,,,,,,,,,,,,
branch1_proxy,development,19296.0,2023-07-22T09:40:00+00:00,7.0,7.0,all_1_6_24,3.0,3.0,36.0,0.2340420308970241,0.17040345258927955,0.1335282243239696,0.14530165953407637,0.09665299605865964,0.7202000439985198,,,,,,,,,,,,,,,,
branch1_proxy,development,19296.0,2023-07-22T09:40:00+00:00,7.0,14.0,all_1_6_24,3.0,3.0,36.0,0.23152125204549837,0.16590156645962809,0.13031032673629428,0.14605407800053533,0.09471908701296047,0.7151241211462226,,,,,,,,,,,,,,,,
branch1_proxy,development,19296.0,2023-07-22T09:40:00+00:00,14.0,3.0,all_1_6_24,3.0,3.0,36.0,0.2387476621918231,0.1721461359020916,0.13872074550467878,0.14406806009436468,0.10529535510726598,0.7344851354687516,,,,,,,,,,,,,,,,
branch1_proxy,development,19296.0,2023-07-22T09:40:00+00:00,14.0,7.0,all_1_6_24,3.0,3.0,36.0,0.20839518865557707,0.15322177355807293,0.1265519034743994,0.11777450759261036,0.09988203339072589,0.7057605091697203,,,,,,,,,,,,,,,,
branch1_proxy,development,19296.0,2023-07-22T09:40:00+00:00,14.0,14.0,all_1_6_24,3.0,3.0,36.0,0.1900612759106438,0.14373551990953265,0.12113114571843796,0.0992137298210766,0.09852677152734327,0.6900091785522656,,,,,,,,,,,,,,,,
branch1_proxy,development,19296.0,2023-07-22T09:40:00+00:00,21.0,3.0,all_1_6_24,3.0,3.0,36.0,0.23269414260280866,0.1684218872723818,0.1337285770256837,0.14279630080613512,0.09903526677898555,0.7237615266027001,,,,,,,,,,,,,,,,
branch1_proxy,development,19296.0,2023-07-22T09:40:00+00:00,21.0,7.0,all_1_6_24,3.0,3.0,36.0,0.17888823163613785,0.13317985088526685,0.10917821550500555,0.10051380518096403,0.08517658012474424,0.6649912516993536,,,,,,,,,,,,,,,,
branch1_proxy,development,19296.0,2023-07-22T09:40:00+00:00,21.0,14.0,all_1_6_24,3.0,3.0,36.0,0.15260758688082424,0.10843514674411109,0.09485487169796186,0.08242391321013391,0.08127459665181264,0.6286372765154377,,,,,,,,,,,,,,,,
branch1_proxy,development,19584.0,2023-07-23T09:40:00+00:00,7.0,3.0,all_1_6_24,3.0,3.0,36.0,0.23254644165385976,0.2447881070991187,0.18042060796638193,0.09053353911653102,0.11605310883364514,0.7423942682595229,,,,,,,,,,,,,,,,
branch1_proxy,development,19584.0,2023-07-23T09:40:00+00:00,7.0,7.0,all_1_6_24,3.0,3.0,36.0,0.23000858418851752,0.2514927978328726,0.1852708195282845,0.08322560972423701,0.11904884122369641,0.7425301330272793,,,,,,,,,,,,,,,,
branch1_proxy,development,19584.0,2023-07-23T09:40:00+00:00,7.0,14.0,all_1_6_24,3.0,3.0,36.0,0.2272149309036522,0.25088684010982004,0.1850836467029432,0.08022965199037733,0.11928045329606632,0.7411985991946323,,,,,,,,,,,,,,,,
branch1_proxy,development,19584.0,2023-07-23T09:40:00+00:00,14.0,3.0,all_1_6_24,3.0,3.0,36.0,0.21982721166559274,0.22088642648403384,0.16397871720974033,0.09163569309609891,0.10707100793544683,0.7217064307983613,,,,,,,,,,,,,,,,
branch1_proxy,development,19584.0,2023-07-23T09:40:00+00:00,14.0,7.0,all_1_6_24,3.0,3.0,36.0,0.18758018829781195,0.17219226977493193,0.1412530315577949,0.07021800726451431,0.11031379334065788,0.7026223941570636,,,,,,,,,,,,,,,,
branch1_proxy,development,19584.0,2023-07-23T09:40:00+00:00,14.0,14.0,all_1_6_24,3.0,3.0,36.0,0.17226976186611184,0.14932332088050257,0.13082282822264524,0.060529954864905255,0.11232233556478793,0.6893519517993053,,,,,,,,,,,,,,,,
branch1_proxy,development,19584.0,2023-07-23T09:40:00+00:00,21.0,3.0,all_1_6_24,3.0,3.0,36.0,0.21228290023551932,0.21829168303122853,0.15723145873718397,0.09244939020521069,0.09617123444313938,0.7040430474325269,,,,,,,,,,,,,,,,
branch1_proxy,development,19584.0,2023-07-23T09:40:00+00:00,21.0,7.0,all_1_6_24,3.0,3.0,36.0,0.16267086353475532,0.15945435852343243,0.12255205850949845,0.06424087637572677,0.08564975849556447,0.6478716159046358,,,,,,,,,,,,,,,,
branch1_proxy,development,19584.0,2023-07-23T09:40:00+00:00,21.0,14.0,all_1_6_24,3.0,3.0,36.0,0.1409531353771541,0.1449299328822316,0.11380130898180543,0.046048208475782136,0.08267268508137926,0.6183579820397923,,,,,,,,,,,,,,,,
branch1_proxy,development,19872.0,2023-07-24T09:40:00+00:00,7.0,3.0,all_1_6_24,3.0,3.0,36.0,0.24512489481317581,0.23506358087914656,0.17822044279848887,0.1053874105226785,0.1213773047178312,0.7518616164051074,,,,,,,,,,,,,,,,
branch1_proxy,development,19872.0,2023-07-24T09:40:00+00:00,7.0,7.0,all_1_6_24,3.0,3.0,36.0,0.23054848380177292,0.2102307847173005,0.16515580164346585,0.0995334541370508,0.12008081856963121,0.7485422035752163,,,,,,,,,,,,,,,,
branch1_proxy,development,19872.0,2023-07-24T09:40:00+00:00,7.0,14.0,all_1_6_24,3.0,3.0,36.0,0.22157118593686242,0.1915161762787721,0.15580076672865603,0.0974776371201865,0.12008535717853996,0.7472622457932762,,,,,,,,,,,,,,,,
branch1_proxy,development,19872.0,2023-07-24T09:40:00+00:00,14.0,3.0,all_1_6_24,3.0,3.0,36.0,0.2638983008228058,0.31997970336422427,0.21508483861427385,0.11000362093816644,0.11018997386432342,0.7314699329269706,,,,,,,,,,,,,,,,
branch1_proxy,development,19872.0,2023-07-24T09:40:00+00:00,14.0,7.0,all_1_6_24,3.0,3.0,36.0,0.24572174901878086,0.3001808687410018,0.20068421750297774,0.1032302324666951,0.10118756626495369,0.7036144092635226,,,,,,,,,,,,,,,,
branch1_proxy,development,19872.0,2023-07-24T09:40:00+00:00,14.0,14.0,all_1_6_24,3.0,3.0,36.0,0.23383012739542372,0.27111038714194796,0.1851146402657571,0.09836959062513859,0.09911889338956624,0.691583501730603,,,,,,,,,,,,,,,,
branch1_proxy,development,19872.0,2023-07-24T09:40:00+00:00,21.0,3.0,all_1_6_24,3.0,3.0,36.0,0.26138289262870806,0.3266319818383653,0.21563120240422265,0.11135775533591125,0.10463042297008002,0.72368941047843,,,,,,,,,,,,,,,,
branch1_proxy,development,19872.0,2023-07-24T09:40:00+00:00,21.0,7.0,all_1_6_24,3.0,3.0,36.0,0.23002015272554951,0.26288028405840663,0.17405467200994282,0.1073511200095929,0.08522905996147902,0.6661357197096277,,,,,,,,,,,,,,,,
branch1_proxy,development,19872.0,2023-07-24T09:40:00+00:00,21.0,14.0,all_1_6_24,3.0,3.0,36.0,0.21847708314836126,0.2278838233996923,0.15439952646051752,0.10868223316898455,0.08091522952134272,0.6465239060176108,,,,,,,,,,,,,,,,
branch1_proxy,development,20160.0,2023-07-25T09:40:00+00:00,7.0,3.0,all_1_6_24,3.0,3.0,36.0,0.32737775720114737,0.3721341996706188,0.2752378967629575,0.10814986101613815,0.17834159385529624,0.7910723231170028,,,,,,,,,,,,,,,,
branch1_proxy,development,20160.0,2023-07-25T09:40:00+00:00,7.0,7.0,all_1_6_24,3.0,3.0,36.0,0.30400371294525635,0.30874816943745,0.23876238044843268,0.10852743142726191,0.1687765914594154,0.7884247363291342,,,,,,,,,,,,,,,,
branch1_proxy,development,20160.0,2023-07-25T09:40:00+00:00,7.0,14.0,all_1_6_24,3.0,3.0,36.0,0.2817931151813433,0.2483165214776139,0.20641548074389515,0.1119555284766396,0.16451444001017637,0.7850653361276768,,,,,,,,,,,,,,,,
branch1_proxy,development,20160.0,2023-07-25T09:40:00+00:00,14.0,3.0,all_1_6_24,3.0,3.0,36.0,0.332276674631007,0.39678672122931957,0.2836418998183561,0.11517457640570573,0.1704970784073926,0.784438405938,,,,,,,,,,,,,,,,
branch1_proxy,development,20160.0,2023-07-25T09:40:00+00:00,14.0,7.0,all_1_6_24,3.0,3.0,36.0,0.3052540881371045,0.37022108801967263,0.26059098081790544,0.10955406540848478,0.15096087361613825,0.7630038207319311,,,,,,,,,,,,,,,,
branch1_proxy,development,20160.0,2023-07-25T09:40:00+00:00,14.0,14.0,all_1_6_24,3.0,3.0,36.0,0.28462847147431786,0.3276663067823591,0.23452630243125283,0.10394146570380745,0.14138629808014658,0.7477476171320125,,,,,,,,,,,,,,,,
branch1_proxy,development,20160.0,2023-07-25T09:40:00+00:00,21.0,3.0,all_1_6_24,3.0,3.0,36.0,0.329481295989732,0.3962240579972476,0.2813572716173177,0.11587966108178097,0.1664904852373878,0.7801939016752611,,,,,,,,,,,,,,,,
branch1_proxy,development,20160.0,2023-07-25T09:40:00+00:00,21.0,7.0,all_1_6_24,3.0,3.0,36.0,0.2841705737302315,0.3177916649101846,0.22482284759943438,0.1131655388736576,0.13185403028868414,0.7378547366031748,,,,,,,,,,,,,,,,
branch1_proxy,development,20160.0,2023-07-25T09:40:00+00:00,21.0,14.0,all_1_6_24,3.0,3.0,36.0,0.25957104494493244,0.26816819151487953,0.1878587520207865,0.12076855258764155,0.10754931252669347,0.7015921016328468,,,,,,,,,,,,,,,,
branch1_proxy,development,20448.0,2023-07-26T09:40:00+00:00,7.0,3.0,all_1_6_24,3.0,3.0,36.0,0.240790970401221,0.24238931216296714,0.19409802575581675,0.07691008421888415,0.1458067393486664,0.707906062752183,,,,,,,,,,,,,,,,
branch1_proxy,development,20448.0,2023-07-26T09:40:00+00:00,7.0,7.0,all_1_6_24,3.0,3.0,36.0,0.2358396604949218,0.24787832902901613,0.19440826417341947,0.07306950863896607,0.1409381993178228,0.7025271305428845,,,,,,,,,,,,,,,,
branch1_proxy,development,20448.0,2023-07-26T09:40:00+00:00,7.0,14.0,all_1_6_24,3.0,3.0,36.0,0.23284684274665265,0.24810377342053713,0.19347844362126534,0.07133741049765589,0.13885311382199356,0.700535692315532,,,,,,,,,,,,,,,,
branch1_proxy,development,20448.0,2023-07-26T09:40:00+00:00,14.0,3.0,all_1_6_24,3.0,3.0,36.0,0.23073728240315158,0.2184261190757908,0.18155869340881134,0.07578393814757403,0.14469126774183189,0.7042052193064201,,,,,,,,,,,,,,,,
branch1_proxy,development,20448.0,2023-07-26T09:40:00+00:00,14.0,7.0,all_1_6_24,3.0,3.0,36.0,0.20074777711300099,0.17152803357878774,0.16089194492525277,0.05702974931255728,0.15025585627171784,0.6820493273013962,,,,,,,,,,,,,,,,
branch1_proxy,development,20448.0,2023-07-26T09:40:00+00:00,14.0,14.0,all_1_6_24,3.0,3.0,36.0,0.18715011125556447,0.1561055936738807,0.1528152909690899,0.04863103086303827,0.14952498826429914,0.6668009029878034,,,,,,,,,,,,,,,,
branch1_proxy,development,20448.0,2023-07-26T09:40:00+00:00,21.0,3.0,all_1_6_24,3.0,3.0,36.0,0.22873926636592734,0.2188875901032573,0.1825264261675915,0.07178214281350272,0.14616526223192566,0.6995195988503866,,,,,,,,,,,,,,,,
branch1_proxy,development,20448.0,2023-07-26T09:40:00+00:00,21.0,7.0,all_1_6_24,3.0,3.0,36.0,0.18527192414678073,0.16109069532027992,0.15642128449131198,0.04097870685350951,0.15175187366234405,0.6552311942123606,,,,,,,,,,,,,,,,
branch1_proxy,development,20448.0,2023-07-26T09:40:00+00:00,21.0,14.0,all_1_6_24,3.0,3.0,36.0,0.1645028055416235,0.15184655031999977,0.14905045701249892,0.021971851127914666,0.14625436370499803,0.6260254405725086,,,,,,,,,,,,,,,,
branch1_proxy,development,20736.0,2023-07-27T09:40:00+00:00,7.0,3.0,all_1_6_24,3.0,3.0,36.0,0.2593152773114376,0.2333424929416736,0.19910416449671364,0.08962290426696076,0.16486583605175364,0.7106289582019741,,,,,,,,,,,,,,,,
branch1_proxy,development,20736.0,2023-07-27T09:40:00+00:00,7.0,7.0,all_1_6_24,3.0,3.0,36.0,0.24665373859785736,0.21637083232235477,0.18853166156367157,0.0852820690213154,0.16069249080498837,0.7064445777498537,,,,,,,,,,,,,,,,
branch1_proxy,development,20736.0,2023-07-27T09:40:00+00:00,7.0,14.0,all_1_6_24,3.0,3.0,36.0,0.240239505579992,0.20635222958605373,0.18292623119412155,0.08327949592846581,0.1595002328021894,0.7056953650938134,,,,,,,,,,,,,,,,
branch1_proxy,development,20736.0,2023-07-27T09:40:00+00:00,14.0,3.0,all_1_6_24,3.0,3.0,36.0,0.281080953389882,0.3113456134025486,0.23825046060244728,0.08503432522659561,0.16515530780234594,0.7076252770206738,,,,,,,,,,,,,,,,
branch1_proxy,development,20736.0,2023-07-27T09:40:00+00:00,14.0,7.0,all_1_6_24,3.0,3.0,36.0,0.26453663513200626,0.30371290854422683,0.23318388723160116,0.07267887015282076,0.1626548659189755,0.689119490601327,,,,,,,,,,,,,,,,
branch1_proxy,development,20736.0,2023-07-27T09:40:00+00:00,14.0,14.0,all_1_6_24,3.0,3.0,36.0,0.2557018177935055,0.2742051443384352,0.21990612711118168,0.06729228626481827,0.16560710988392816,0.6806012974221106,,,,,,,,,,,,,,,,
branch1_proxy,development,20736.0,2023-07-27T09:40:00+00:00,21.0,3.0,all_1_6_24,3.0,3.0,36.0,0.2799674587123575,0.31547153532870825,0.24298435897173765,0.0789837102845917,0.17049718261476704,0.7031114617727922,,,,,,,,,,,,,,,,
branch1_proxy,development,20736.0,2023-07-27T09:40:00+00:00,21.0,7.0,all_1_6_24,3.0,3.0,36.0,0.2574538694204709,0.26398809619685165,0.2190630096707457,0.06552270719044562,0.17413792314463977,0.6714599425173917,,,,,,,,,,,,,,,,
branch1_proxy,development,20736.0,2023-07-27T09:40:00+00:00,21.0,14.0,all_1_6_24,3.0,3.0,36.0,0.24636155470733132,0.22764813977523105,0.19674963300088744,0.07455980171246482,0.16585112622654383,0.6554514566018687,,,,,,,,,,,,,,,,
branch1_proxy,development,21024.0,2023-07-28T09:40:00+00:00,7.0,3.0,all_1_6_24,3.0,3.0,36.0,0.3303401365898177,0.37950498093920204,0.28353513368825145,0.10257464427176163,0.18756528643730086,0.7228700274186642,,,,,,,,,,,,,,,,
branch1_proxy,development,21024.0,2023-07-28T09:40:00+00:00,7.0,7.0,all_1_6_24,3.0,3.0,36.0,0.30408518549333713,0.30504889020154197,0.24193596390372873,0.10188496355680078,0.1788230376059155,0.7192797248729632,,,,,,,,,,,,,,,,
branch1_proxy,development,21024.0,2023-07-28T09:40:00+00:00,7.0,14.0,all_1_6_24,3.0,3.0,36.0,0.28405018348104466,0.25209672533666844,0.2139081586078354,0.10398101618001963,0.1757195918790024,0.7142162562453845,,,,,,,,,,,,,,,,
branch1_proxy,development,21024.0,2023-07-28T09:40:00+00:00,14.0,3.0,all_1_6_24,3.0,3.0,36.0,0.33986017949585684,0.40449133643122687,0.29559617718439746,0.10873840600045286,0.18670101793756805,0.7158148708730477,,,,,,,,,,,,,,,,
branch1_proxy,development,21024.0,2023-07-28T09:40:00+00:00,14.0,7.0,all_1_6_24,3.0,3.0,36.0,0.31374161976844134,0.37058788614568194,0.272338919741845,0.09931569230791021,0.17408995333800809,0.6972599025128302,,,,,,,,,,,,,,,,
branch1_proxy,development,21024.0,2023-07-28T09:40:00+00:00,14.0,14.0,all_1_6_24,3.0,3.0,36.0,0.29518872403581703,0.32965759658612576,0.25052394735137085,0.09035840219195097,0.171390298116616,0.687383816373717,,,,,,,,,,,,,,,,
branch1_proxy,development,21024.0,2023-07-28T09:40:00+00:00,21.0,3.0,all_1_6_24,3.0,3.0,36.0,0.33694867872155526,0.4040693670307125,0.2941481929683659,0.1082537428124977,0.1842270189060193,0.7105010852576727,,,,,,,,,,,,,,,,
branch1_proxy,development,21024.0,2023-07-28T09:40:00+00:00,21.0,7.0,all_1_6_24,3.0,3.0,36.0,0.2997683054140513,0.3190447565445086,0.24927411475906971,0.09134890010232535,0.17950347297363084,0.6790808000701093,,,,,,,,,,,,,,,,
branch1_proxy,development,21024.0,2023-07-28T09:40:00+00:00,21.0,14.0,all_1_6_24,3.0,3.0,36.0,0.28069942780178825,0.27009408875300295,0.21888137468931307,0.09690943247389855,0.1676686606256232,0.6647809143591717,,,,,,,,,,,,,,,,
branch1_proxy,development,21312.0,2023-07-29T09:40:00+00:00,7.0,3.0,all_1_6_24,3.0,3.0,36.0,0.18774345236015258,0.17869852087469695,0.1624526872355405,0.03814704455477547,0.14620685359638402,0.627222860517308,,,,,,,,,,,,,,,,
branch1_proxy,development,21312.0,2023-07-29T09:40:00+00:00,7.0,7.0,all_1_6_24,3.0,3.0,36.0,0.1855438781464688,0.17025213105637374,0.15571230596703756,0.043826739248380785,0.14117248087770137,0.623277369803112,,,,,,,,,,,,,,,,
branch1_proxy,development,21312.0,2023-07-29T09:40:00+00:00,7.0,14.0,all_1_6_24,3.0,3.0,36.0,0.18402725418062935,0.16608581716548387,0.15256311792550264,0.045846403025599294,0.13904041868552144,0.6239784113474682,,,,,,,,,,,,,,,,
branch1_proxy,development,21312.0,2023-07-29T09:40:00+00:00,14.0,3.0,all_1_6_24,3.0,3.0,36.0,0.17881771198630725,0.1787774347469125,0.16082717594896384,0.029361993025521824,0.1428769171510152,0.6293611224296161,,,,,,,,,,,,,,,,
branch1_proxy,development,21312.0,2023-07-29T09:40:00+00:00,14.0,7.0,all_1_6_24,3.0,3.0,36.0,0.162097643412654,0.1673519767499826,0.15801484525439635,0.009563463353446986,0.14867771375881011,0.6109672571170979,,,,,,,,,,,,,,,,
branch1_proxy,development,21312.0,2023-07-29T09:40:00+00:00,14.0,14.0,all_1_6_24,3.0,3.0,36.0,0.15565267537654656,0.1546408436648472,0.15184742728597217,0.005844821876854059,0.14905401090709713,0.5979362204672679,,,,,,,,,,,,,,,,
branch1_proxy,development,21312.0,2023-07-29T09:40:00+00:00,21.0,3.0,all_1_6_24,3.0,3.0,36.0,0.17747927553522266,0.17605417539129187,0.15949586416530465,0.02880262631723878,0.14293755293931742,0.6259981927849951,,,,,,,,,,,,,,,,
branch1_proxy,development,21312.0,2023-07-29T09:40:00+00:00,21.0,7.0,all_1_6_24,3.0,3.0,36.0,0.15975803343852935,0.16288746387613406,0.15630825982459817,0.007256663141043697,0.1497290557730623,0.5954670477391194,,,,,,,,,,,,,,,,
branch1_proxy,development,21312.0,2023-07-29T09:40:00+00:00,21.0,14.0,all_1_6_24,3.0,3.0,36.0,0.1509268919967068,0.15080793409858512,0.14938388149269466,0.0024725924412538542,0.14795982888680423,0.574528439598156,,,,,,,,,,,,,,,,
branch1_proxy,development,21600.0,2023-07-30T09:40:00+00:00,7.0,3.0,all_1_6_24,3.0,3.0,36.0,0.17405458494118908,0.1650714447258258,0.14436879347903014,0.04525732657335395,0.12366614223223452,0.6392969751471854,,,,,,,,,,,,,,,,
branch1_proxy,development,21600.0,2023-07-30T09:40:00+00:00,7.0,7.0,all_1_6_24,3.0,3.0,36.0,0.16426620728088784,0.1606961200596805,0.14045474502593103,0.03751151349843224,0.12021336999218157,0.6355661868921341,,,,,,,,,,,,,,,,
branch1_proxy,development,21600.0,2023-07-30T09:40:00+00:00,7.0,14.0,all_1_6_24,3.0,3.0,36.0,0.15812054020734642,0.15936513256875018,0.1388153414968668,0.032045446944939195,0.11826555042498346,0.6327503895685808,,,,,,,,,,,,,,,,
branch1_proxy,development,21600.0,2023-07-30T09:40:00+00:00,14.0,3.0,all_1_6_24,3.0,3.0,36.0,0.19688029544038818,0.1646072353346421,0.141716687178167,0.08022072975828337,0.11882613902169185,0.6339562613353188,,,,,,,,,,,,,,,,
branch1_proxy,development,21600.0,2023-07-30T09:40:00+00:00,14.0,7.0,all_1_6_24,3.0,3.0,36.0,0.19667028642059248,0.1613095031693234,0.13560966560753446,0.08886574102892705,0.1099098280457455,0.6215354634250004,,,,,,,,,,,,,,,,
branch1_proxy,development,21600.0,2023-07-30T09:40:00+00:00,14.0,14.0,all_1_6_24,3.0,3.0,36.0,0.19528631191249599,0.16461892715004803,0.13567865451842986,0.08754716001492178,0.10673838188681171,0.6162758993184684,,,,,,,,,,,,,,,,
branch1_proxy,development,21600.0,2023-07-30T09:40:00+00:00,21.0,3.0,all_1_6_24,3.0,3.0,36.0,0.19863805873869836,0.16862231965414795,0.14265970093304473,0.08195440683172865,0.11669708221194151,0.6290450119262434,,,,,,,,,,,,,,,,
branch1_proxy,development,21600.0,2023-07-30T09:40:00+00:00,21.0,7.0,all_1_6_24,3.0,3.0,36.0,0.20094762686593984,0.17115371725562994,0.13945606327738685,0.09073176013362906,0.10775840929914379,0.6056033882022697,,,,,,,,,,,,,,,,
branch1_proxy,development,21600.0,2023-07-30T09:40:00+00:00,21.0,14.0,all_1_6_24,3.0,3.0,36.0,0.1973428804265994,0.16240779458711813,0.13281868039428096,0.09439503111269038,0.10322956620144383,0.5919779911697542,,,,,,,,,,,,,,,,
branch1_proxy,development,21888.0,2023-07-31T09:40:00+00:00,7.0,3.0,all_1_6_24,3.0,3.0,36.0,0.21090350104616604,0.18813486837088056,0.12867994743266403,0.1260080048522497,0.06922502649444752,0.5655108439320236,,,,,,,,,,,,,,,,
branch1_proxy,development,21888.0,2023-07-31T09:40:00+00:00,7.0,7.0,all_1_6_24,3.0,3.0,36.0,0.1911188145391555,0.17934554820682092,0.12477283937124675,0.10387025821538022,0.0702001305356726,0.5628312105847324,,,,,,,,,,,,,,,,
branch1_proxy,development,21888.0,2023-07-31T09:40:00+00:00,7.0,14.0,all_1_6_24,3.0,3.0,36.0,0.1692346127997355,0.17592504863393896,0.12333898492904914,0.07782253345018739,0.07075292122415933,0.5606275295137928,,,,,,,,,,,,,,,,
branch1_proxy,development,21888.0,2023-07-31T09:40:00+00:00,14.0,3.0,all_1_6_24,3.0,3.0,36.0,0.218138750907617,0.18533572020527944,0.12792609175653136,0.13591869396064982,0.07051646330778327,0.5627027365871583,,,,,,,,,,,,,,,,
branch1_proxy,development,21888.0,2023-07-31T09:40:00+00:00,14.0,7.0,all_1_6_24,3.0,3.0,36.0,0.215732798859711,0.17369271784577212,0.12483292001027094,0.1345997616864029,0.07597312217476977,0.5673399943478582,,,,,,,,,,,,,,,,
branch1_proxy,development,21888.0,2023-07-31T09:40:00+00:00,14.0,14.0,all_1_6_24,3.0,3.0,36.0,0.21288945689462044,0.17114709644693854,0.12465718544959965,0.130425235282093,0.07816727445226077,0.5684040225308131,,,,,,,,,,,,,,,,
branch1_proxy,development,21888.0,2023-07-31T09:40:00+00:00,21.0,3.0,all_1_6_24,3.0,3.0,36.0,0.21686230127406395,0.18396680420851594,0.12734636526010776,0.13477186281039158,0.07072592631169958,0.5586782935205359,,,,,,,,,,,,,,,,
branch1_proxy,development,21888.0,2023-07-31T09:40:00+00:00,21.0,7.0,all_1_6_24,3.0,3.0,36.0,0.21842526104421914,0.180726774857758,0.1290301855721111,0.13328409732537622,0.07733359628646419,0.5512431618756325,,,,,,,,,,,,,,,,
branch1_proxy,development,21888.0,2023-07-31T09:40:00+00:00,21.0,14.0,all_1_6_24,3.0,3.0,36.0,0.21595499915229474,0.16890691925762974,0.12505539253909545,0.13344454988958143,0.08120386582056116,0.5485156947052259,,,,,,,,,,,,,,,,
branch1_proxy,development,22176.0,2023-08-01T09:40:00+00:00,7.0,3.0,all_1_6_24,3.0,3.0,36.0,0.13308823391658697,0.14619098685728205,0.11172921003845525,0.04128145479179427,0.07726743321962845,0.5283864568169173,,,,,,,,,,,,,,,,
branch1_proxy,development,22176.0,2023-08-01T09:40:00+00:00,7.0,7.0,all_1_6_24,3.0,3.0,36.0,0.12923474297001025,0.14149909266404898,0.1099224667736331,0.037558623850178094,0.07834584088321722,0.5257279707045345,,,,,,,,,,,,,,,,
branch1_proxy,development,22176.0,2023-08-01T09:40:00+00:00,7.0,14.0,all_1_6_24,3.0,3.0,36.0,0.12746135349181553,0.1397278647253858,0.10921274111934776,0.03587207204547413,0.07869761751330974,0.5242757977161864,,,,,,,,,,,,,,,,
branch1_proxy,development,22176.0,2023-08-01T09:40:00+00:00,14.0,3.0,all_1_6_24,3.0,3.0,36.0,0.13239269561281763,0.14297371429283665,0.11035304292395494,0.040998756668088186,0.07773237155507323,0.5326102811719146,,,,,,,,,,,,,,,,
branch1_proxy,development,22176.0,2023-08-01T09:40:00+00:00,14.0,7.0,all_1_6_24,3.0,3.0,36.0,0.13038495279711973,0.14776643045029386,0.11278788162663858,0.03788112651568299,0.0778093328029833,0.5217283410575853,,,,,,,,,,,,,,,,
branch1_proxy,development,22176.0,2023-08-01T09:40:00+00:00,14.0,14.0,all_1_6_24,3.0,3.0,36.0,0.13136542235070456,0.1538196428466196,0.11619709916270157,0.037467229043129095,0.07857455547878356,0.5190599137876549,,,,,,,,,,,,,,,,
branch1_proxy,development,22176.0,2023-08-01T09:40:00+00:00,21.0,3.0,all_1_6_24,3.0,3.0,36.0,0.13196128929719123,0.1434905890547681,0.11024101734469727,0.04099467168607835,0.07699144563462643,0.5289166638681339,,,,,,,,,,,,,,,,
branch1_proxy,development,22176.0,2023-08-01T09:40:00+00:00,21.0,7.0,all_1_6_24,3.0,3.0,36.0,0.13281338435366138,0.15137653427858644,0.11513848454148842,0.03873329746578469,0.0789004348043904,0.5056549694157716,,,,,,,,,,,,,,,,
branch1_proxy,development,22176.0,2023-08-01T09:40:00+00:00,21.0,14.0,all_1_6_24,3.0,3.0,36.0,0.12931978376743933,0.15088064840750182,0.11612717731657096,0.03396015653449051,0.08137370622564011,0.4979804031801529,,,,,,,,,,,,,,,,
branch1_proxy,development,22464.0,2023-08-02T09:40:00+00:00,7.0,3.0,all_1_6_24,3.0,3.0,36.0,0.11826473784271425,0.12421890113761386,0.09569121812514762,0.03951809775598907,0.06716353511268139,0.5118132140466348,,,,,,,,,,,,,,,,
branch1_proxy,development,22464.0,2023-08-02T09:40:00+00:00,7.0,7.0,all_1_6_24,3.0,3.0,36.0,0.11655532862295022,0.12062112679632567,0.09488263486946515,0.03716258808951209,0.06914414294260463,0.5148606959266707,,,,,,,,,,,,,,,,
branch1_proxy,development,22464.0,2023-08-02T09:40:00+00:00,7.0,14.0,all_1_6_24,3.0,3.0,36.0,0.11578534221449488,0.11863926321298762,0.09425616173217068,0.03637812964355815,0.06987306025135373,0.5153070727800428,,,,,,,,,,,,,,,,
branch1_proxy,development,22464.0,2023-08-02T09:40:00+00:00,14.0,3.0,all_1_6_24,3.0,3.0,36.0,0.11643816692506272,0.11896930979064965,0.09320531312417077,0.039013502033964205,0.06744131645769189,0.5048038900074966,,,,,,,,,,,,,,,,
branch1_proxy,development,22464.0,2023-08-02T09:40:00+00:00,14.0,7.0,all_1_6_24,3.0,3.0,36.0,0.11373938403837107,0.11005043968891688,0.08964977102834422,0.03792198699714133,0.06924910236777156,0.49603953535477235,,,,,,,,,,,,,,,,
branch1_proxy,development,22464.0,2023-08-02T09:40:00+00:00,14.0,14.0,all_1_6_24,3.0,3.0,36.0,0.11382646578890672,0.10696539937995073,0.08863762134151579,0.038637987366586184,0.07030984330308085,0.4953441660946167,,,,,,,,,,,,,,,,
branch1_proxy,development,22464.0,2023-08-02T09:40:00+00:00,21.0,3.0,all_1_6_24,3.0,3.0,36.0,0.11744574744324159,0.11694119752376532,0.0918352479195155,0.0416173182148606,0.06672929831526567,0.49899925540108225,,,,,,,,,,,,,,,,
branch1_proxy,development,22464.0,2023-08-02T09:40:00+00:00,21.0,7.0,all_1_6_24,3.0,3.0,36.0,0.11559343430166867,0.10777383495550852,0.087961315391131,0.04229371835113044,0.06814879582675348,0.48337604754481706,,,,,,,,,,,,,,,,
branch1_proxy,development,22464.0,2023-08-02T09:40:00+00:00,21.0,14.0,all_1_6_24,3.0,3.0,36.0,0.11181260924212598,0.10358158265167867,0.0862689901950825,0.03879136742137043,0.0689563977384863,0.47550523669386585,,,,,,,,,,,,,,,,
branch1_proxy,development,22752.0,2023-08-03T09:40:00+00:00,7.0,3.0,all_1_6_24,3.0,3.0,36.0,0.12288302644073201,0.11044281108590077,0.08992387075502689,0.04953076311980672,0.06940493042415301,0.4985144613600439,,,,,,,,,,,,,,,,
branch1_proxy,development,22752.0,2023-08-03T09:40:00+00:00,7.0,7.0,all_1_6_24,3.0,3.0,36.0,0.11963354287975242,0.10815116282256279,0.08935039211122961,0.04549488352732554,0.07054962139989641,0.4942319803199287,,,,,,,,,,,,,,,,
branch1_proxy,development,22752.0,2023-08-03T09:40:00+00:00,7.0,14.0,all_1_6_24,3.0,3.0,36.0,0.1184739103660486,0.10717924761494357,0.0891426565877044,0.04401731447595578,0.07110606556046521,0.49281805662088923,,,,,,,,,,,,,,,,
branch1_proxy,development,22752.0,2023-08-03T09:40:00+00:00,14.0,3.0,all_1_6_24,3.0,3.0,36.0,0.123583120058463,0.11384418520773079,0.09235844959450008,0.047515449919585,0.07087271398126938,0.49641874823609244,,,,,,,,,,,,,,,,
branch1_proxy,development,22752.0,2023-08-03T09:40:00+00:00,14.0,7.0,all_1_6_24,3.0,3.0,36.0,0.12119731944493506,0.11323368314754176,0.09485805143570249,0.040157481317065535,0.07648241972386322,0.5008744746116467,,,,,,,,,,,,,,,,
branch1_proxy,development,22752.0,2023-08-03T09:40:00+00:00,14.0,14.0,all_1_6_24,3.0,3.0,36.0,0.12072585349972564,0.11230787093451948,0.09547623913919051,0.038261668415972616,0.07864460734386156,0.5040806377532517,,,,,,,,,,,,,,,,
branch1_proxy,development,22752.0,2023-08-03T09:40:00+00:00,21.0,3.0,all_1_6_24,3.0,3.0,36.0,0.12302596118173685,0.11398071589851212,0.09242934099229508,0.04671132097896033,0.07087796608607802,0.4934798112399211,,,,,,,,,,,,,,,,
branch1_proxy,development,22752.0,2023-08-03T09:40:00+00:00,21.0,7.0,all_1_6_24,3.0,3.0,36.0,0.12270436580017041,0.11129496858424126,0.0944993305856355,0.04217950126257754,0.07770369258702976,0.4895217974011857,,,,,,,,,,,,,,,,
branch1_proxy,development,22752.0,2023-08-03T09:40:00+00:00,21.0,14.0,all_1_6_24,3.0,3.0,36.0,0.11925966975833313,0.10790027406422834,0.0950252589361465,0.03584862636367803,0.08215024380806464,0.49012483922313876,,,,,,,,,,,,,,,,
branch1_proxy,development,23040.0,2023-08-04T09:40:00+00:00,7.0,3.0,all_1_6_24,3.0,3.0,36.0,0.1268808977972583,0.12644758914991117,0.1017986056925824,0.04078346492679381,0.07714962223525362,0.5548368691898973,,,,,,,,,,,,,,,,
branch1_proxy,development,23040.0,2023-08-04T09:40:00+00:00,7.0,7.0,all_1_6_24,3.0,3.0,36.0,0.12447628735749723,0.1260064625158998,0.10220486647596798,0.03700958919248499,0.07840327043603615,0.5555380954396233,,,,,,,,,,,,,,,,
branch1_proxy,development,23040.0,2023-08-04T09:40:00+00:00,7.0,14.0,all_1_6_24,3.0,3.0,36.0,0.12307160049173164,0.12552966377114877,0.10219056711858612,0.03514509066473734,0.07885147046602349,0.5551042252094008,,,,,,,,,,,,,,,,
branch1_proxy,development,23040.0,2023-08-04T09:40:00+00:00,14.0,3.0,all_1_6_24,3.0,3.0,36.0,0.1289637288206875,0.13122400820742974,0.10422080046513418,0.041358680984751754,0.07721759272283862,0.5560704398891368,,,,,,,,,,,,,,,,
branch1_proxy,development,23040.0,2023-08-04T09:40:00+00:00,14.0,7.0,all_1_6_24,3.0,3.0,36.0,0.12744304848300195,0.13755782610486572,0.10767581326307105,0.037104945368485256,0.07779380042127636,0.5537202504336082,,,,,,,,,,,,,,,,
branch1_proxy,development,23040.0,2023-08-04T09:40:00+00:00,14.0,14.0,all_1_6_24,3.0,3.0,36.0,0.12763967436159235,0.1408903742987071,0.1099037341544591,0.03562641896610004,0.0789170940102111,0.5556341007403828,,,,,,,,,,,,,,,,
branch1_proxy,development,23040.0,2023-08-04T09:40:00+00:00,21.0,3.0,all_1_6_24,3.0,3.0,36.0,0.12826714498488243,0.1325745454903272,0.10491473009330013,0.0400089259341246,0.07725491469627305,0.5544246704044099,,,,,,,,,,,,,,,,
branch1_proxy,development,23040.0,2023-08-04T09:40:00+00:00,21.0,7.0,all_1_6_24,3.0,3.0,36.0,0.12833561918197586,0.13893218815944391,0.10906521311312531,0.03657031445122848,0.07919823806680669,0.5441989132802695,,,,,,,,,,,,,,,,
branch1_proxy,development,23040.0,2023-08-04T09:40:00+00:00,21.0,14.0,all_1_6_24,3.0,3.0,36.0,0.1260697642003836,0.14174909827741403,0.11175408065020181,0.03177543568003023,0.08175906302298959,0.543538334988431,,,,,,,,,,,,,,,,
branch1_proxy_pooled,pooled_development,,,7.0,3.0,all_1_6_24,,,,0.1476791636641078,0.12998456585692264,0.12388249427986359,0.03371077880666615,0.11826473784271425,0.5497264700821171,6.0,,,,,,,,,,,,,,,
branch1_proxy_pooled,pooled_development,,,7.0,7.0,all_1_6_24,,,,0.14088082060837556,0.12685551516375373,0.12084422899918862,0.02744281493931286,0.11655532862295022,0.5481260233112706,6.0,,,,,,,,,,,,,,,
branch1_proxy_pooled,pooled_development,,,7.0,14.0,all_1_6_24,,,,0.1353578932618621,0.1252664769917736,0.11962333289746936,0.020604336865142844,0.11578534221449488,0.5468138452348155,6.0,,,,,,,,,,,,,,,
branch1_proxy_pooled,pooled_development,,,14.0,3.0,all_1_6_24,,,,0.15273279296083933,0.13067821221675258,0.12492827224901912,0.039523479497920976,0.11643816692506272,0.5477603928711862,6.0,,,,,,,,,,,,,,,
branch1_proxy_pooled,pooled_development,,,14.0,7.0,all_1_6_24,,,,0.15086129834062187,0.12891400064006084,0.12275875170445177,0.03985903972565339,0.11373938403837107,0.5435396765384118,6.0,,,,,,,,,,,,,,,
branch1_proxy_pooled,pooled_development,,,14.0,14.0,all_1_6_24,,,,0.15028886413467427,0.12950254835614844,0.12245430871519232,0.03876889874128123,0.11382646578890672,0.5431331233708645,6.0,,,,,,,,,,,,,,,
branch1_proxy_pooled,pooled_development,,,21.0,3.0,all_1_6_24,,,,0.15270008381996905,0.13011421714103683,0.12433625713252325,0.03953390016671292,0.11744574744324159,0.5439239510600544,6.0,,,,,,,,,,,,,,,
branch1_proxy_pooled,pooled_development,,,21.0,7.0,all_1_6_24,,,,0.15313661525793923,0.13057450176781862,0.12411217914562178,0.04064528563009161,0.11559343430166867,0.5299330462866577,6.0,,,,,,,,,,,,,,,
branch1_proxy_pooled,pooled_development,,,21.0,14.0,all_1_6_24,,,,0.14995995109119603,0.12769477398391146,0.12096219336884576,0.040814566153698766,0.11181260924212598,0.5246070833267614,6.0,,,,,,,,,,,,,,,
branch1_proxy_pooled,heldout_preselection,23040.0,2023-08-04T09:40:00+00:00,,,all_1_6_24,3.0,,36.0,0.15313661525793923,0.13057450176781862,0.12411217914562178,0.04064528563009161,0.11559343430166867,0.5299330462866577,6.0,21.0,7.0,"[1, 6, 24]",6.0,pooled_latest_development_origins,9.0,,,,,,,,,
pooled_parallel_weight_summary,,,,,,,,,,,,,,,,,,,,,,,"{'logistic': 0.1447652711996405, 'extra_trees': 0.13466660306394065, 'hist_gradient_boosting': 0.14548720335209653, 'cnn': 0.13368785025932592}","{'1': 0.15030213581600915, '6': 0.1363781917643424, '24': 0.150515119788743}","{'logistic': 0.25328083953653496, 'extra_trees': 0.24680154834701845, 'hist_gradient_boosting': 0.2537440301842503, 'cnn': 0.24617358193219627}","{'1': 0.3377397545511509, '6': 0.3243151448626051, '24': 0.337945100586244}",,,,,
cascade_alpha,,,,,,,,,,0.1724868010509457,,,,,0.5744628940815817,,,,,,,,,,,,0.0,latest_pooled_oof_blocks,864859.0,,
cascade_alpha,,,,,,,,,,0.5700098861001478,,,,,0.8188564267074755,,,,,,,,,,,,0.25,latest_pooled_oof_blocks,864859.0,,
cascade_alpha,,,,,,,,,,0.6722427578307435,,,,,0.8773629397170862,,,,,,,,,,,,0.5,latest_pooled_oof_blocks,864859.0,,
cascade_alpha,,,,,,,,,,0.7147384302881855,,,,,0.9070957649135409,,,,,,,,,,,,0.75,latest_pooled_oof_blocks,864859.0,,
cascade_alpha,,,,,,,,,,0.7381827553501961,,,,,0.9243473746100141,,,,,,,,,,,,1.0,latest_pooled_oof_blocks,864859.0,,
branch1_proxy_pooled,heldout_preselection,23040.0,2023-08-04T09:40:00+00:00,,,all_1_6_24,3.0,,36.0,0.15313661525793923,0.13057450176781862,0.12411217914562178,0.04064528563009161,0.11559343430166867,0.5299330462866577,6.0,21.0,7.0,"[1, 6, 24]",6.0,pooled_latest_development_origins,9.0,,,"{'logistic': 0.25328083953653496, 'extra_trees': 0.24680154834701845, 'hist_gradient_boosting': 0.2537440301842503, 'cnn': 0.24617358193219627}","{'1': 0.3377397545511509, '6': 0.3243151448626051, '24': 0.337945100586244}",,,,1.0,0.7381827553501961
